unsigned char capture_jpeg[] = {
  0xff, 0xd8, 0xff, 0xe0, 0x00, 0x10, 0x4a, 0x46, 0x49, 0x46, 0x00, 0x01,
  0x01, 0x01, 0x00, 0x00, 0x00, 0x00, 0x00, 0x00, 0xff, 0xdb, 0x00, 0x43,
  0x00, 0x0c, 0x08, 0x09, 0x0b, 0x09, 0x08, 0x0c, 0x0b, 0x0a, 0x0b, 0x0e,
  0x0d, 0x0c, 0x0e, 0x12, 0x1e, 0x14, 0x12, 0x11, 0x11, 0x12, 0x25, 0x1a,
  0x1c, 0x16, 0x1e, 0x2c, 0x26, 0x2e, 0x2d, 0x2b, 0x26, 0x2a, 0x29, 0x30,
  0x36, 0x45, 0x3b, 0x30, 0x33, 0x41, 0x34, 0x29, 0x2a, 0x3c, 0x52, 0x3d,
  0x41, 0x47, 0x4a, 0x4d, 0x4e, 0x4d, 0x2f, 0x3a, 0x55, 0x5b, 0x54, 0x4b,
  0x5a, 0x45, 0x4c, 0x4d, 0x4a, 0xff, 0xdb, 0x00, 0x43, 0x01, 0x0d, 0x0e,
  0x0e, 0x12, 0x10, 0x12, 0x23, 0x14, 0x14, 0x23, 0x4a, 0x32, 0x2a, 0x32,
  0x4a, 0x4a, 0x4a, 0x4a, 0x4a, 0x4a, 0x4a, 0x4a, 0x4a, 0x4a, 0x4a, 0x4a,
  0x4a, 0x4a, 0x4a, 0x4a, 0x4a, 0x4a, 0x4a, 0x4a, 0x4a, 0x4a, 0x4a, 0x4a,
  0x4a, 0x4a, 0x4a, 0x4a, 0x4a, 0x4a, 0x4a, 0x4a, 0x4a, 0x4a, 0x4a, 0x4a,
  0x4a, 0x4a, 0x4a, 0x4a, 0x4a, 0x4a, 0x4a, 0x4a, 0x4a, 0x4a, 0x4a, 0x4a,
  0x4a, 0x4a, 0xff, 0xc4, 0x00, 0x1f, 0x00, 0x00, 0x01, 0x05, 0x01, 0x01,
  0x01, 0x01, 0x01, 0x01, 0x00, 0x00, 0x00, 0x00, 0x00, 0x00, 0x00, 0x00,
  0x01, 0x02, 0x03, 0x04, 0x05, 0x06, 0x07, 0x08, 0x09, 0x0a, 0x0b, 0xff,
  0xc4, 0x00, 0xb5, 0x10, 0x00, 0x02, 0x01, 0x03, 0x03, 0x02, 0x04, 0x03,
  0x05, 0x05, 0x04, 0x04, 0x00, 0x00, 0x01, 0x7d, 0x01, 0x02, 0x03, 0x00,
  0x04, 0x11, 0x05, 0x12, 0x21, 0x31, 0x41, 0x06, 0x13, 0x51, 0x61, 0x07,
  0x22, 0x71, 0x14, 0x32, 0x81, 0x91, 0xa1, 0x08, 0x23, 0x42, 0xb1, 0xc1,
  0x15, 0x52, 0xd1, 0xf0, 0x24, 0x33, 0x62, 0x72, 0x82, 0x09, 0x0a, 0x16,
  0x17, 0x18, 0x19, 0x1a, 0x25, 0x26, 0x27, 0x28, 0x29, 0x2a, 0x34, 0x35,
  0x36, 0x37, 0x38, 0x39, 0x3a, 0x43, 0x44, 0x45, 0x46, 0x47, 0x48, 0x49,
  0x4a, 0x53, 0x54, 0x55, 0x56, 0x57, 0x58, 0x59, 0x5a, 0x63, 0x64, 0x65,
  0x66, 0x67, 0x68, 0x69, 0x6a, 0x73, 0x74, 0x75, 0x76, 0x77, 0x78, 0x79,
  0x7a, 0x83, 0x84, 0x85, 0x86, 0x87, 0x88, 0x89, 0x8a, 0x92, 0x93, 0x94,
  0x95, 0x96, 0x97, 0x98, 0x99, 0x9a, 0xa2, 0xa3, 0xa4, 0xa5, 0xa6, 0xa7,
  0xa8, 0xa9, 0xaa, 0xb2, 0xb3, 0xb4, 0xb5, 0xb6, 0xb7, 0xb8, 0xb9, 0xba,
  0xc2, 0xc3, 0xc4, 0xc5, 0xc6, 0xc7, 0xc8, 0xc9, 0xca, 0xd2, 0xd3, 0xd4,
  0xd5, 0xd6, 0xd7, 0xd8, 0xd9, 0xda, 0xe1, 0xe2, 0xe3, 0xe4, 0xe5, 0xe6,
  0xe7, 0xe8, 0xe9, 0xea, 0xf1, 0xf2, 0xf3, 0xf4, 0xf5, 0xf6, 0xf7, 0xf8,
  0xf9, 0xfa, 0xff, 0xc4, 0x00, 0x1f, 0x01, 0x00, 0x03, 0x01, 0x01, 0x01,
  0x01, 0x01, 0x01, 0x01, 0x01, 0x01, 0x00, 0x00, 0x00, 0x00, 0x00, 0x00,
  0x01, 0x02, 0x03, 0x04, 0x05, 0x06, 0x07, 0x08, 0x09, 0x0a, 0x0b, 0xff,
  0xc4, 0x00, 0xb5, 0x11, 0x00, 0x02, 0x01, 0x02, 0x04, 0x04, 0x03, 0x04,
  0x07, 0x05, 0x04, 0x04, 0x00, 0x01, 0x02, 0x77, 0x00, 0x01, 0x02, 0x03,
  0x11, 0x04, 0x05, 0x21, 0x31, 0x06, 0x12, 0x41, 0x51, 0x07, 0x61, 0x71,
  0x13, 0x22, 0x32, 0x81, 0x08, 0x14, 0x42, 0x91, 0xa1, 0xb1, 0xc1, 0x09,
  0x23, 0x33, 0x52, 0xf0, 0x15, 0x62, 0x72, 0xd1, 0x0a, 0x16, 0x24, 0x34,
  0xe1, 0x25, 0xf1, 0x17, 0x18, 0x19, 0x1a, 0x26, 0x27, 0x28, 0x29, 0x2a,
  0x35, 0x36, 0x37, 0x38, 0x39, 0x3a, 0x43, 0x44, 0x45, 0x46, 0x47, 0x48,
  0x49, 0x4a, 0x53, 0x54, 0x55, 0x56, 0x57, 0x58, 0x59, 0x5a, 0x63, 0x64,
  0x65, 0x66, 0x67, 0x68, 0x69, 0x6a, 0x73, 0x74, 0x75, 0x76, 0x77, 0x78,
  0x79, 0x7a, 0x82, 0x83, 0x84, 0x85, 0x86, 0x87, 0x88, 0x89, 0x8a, 0x92,
  0x93, 0x94, 0x95, 0x96, 0x97, 0x98, 0x99, 0x9a, 0xa2, 0xa3, 0xa4, 0xa5,
  0xa6, 0xa7, 0xa8, 0xa9, 0xaa, 0xb2, 0xb3, 0xb4, 0xb5, 0xb6, 0xb7, 0xb8,
  0xb9, 0xba, 0xc2, 0xc3, 0xc4, 0xc5, 0xc6, 0xc7, 0xc8, 0xc9, 0xca, 0xd2,
  0xd3, 0xd4, 0xd5, 0xd6, 0xd7, 0xd8, 0xd9, 0xda, 0xe2, 0xe3, 0xe4, 0xe5,
  0xe6, 0xe7, 0xe8, 0xe9, 0xea, 0xf2, 0xf3, 0xf4, 0xf5, 0xf6, 0xf7, 0xf8,
  0xf9, 0xfa, 0xff, 0xc0, 0x00, 0x11, 0x08, 0x03, 0x00, 0x04, 0x00, 0x03,
  0x01, 0x21, 0x00, 0x02, 0x11, 0x01, 0x03, 0x11, 0x01, 0xff, 0xda, 0x00,
  0x0c, 0x03, 0x01, 0x00, 0x02, 0x11, 0x03, 0x11, 0x00, 0x3f, 0x00, 0xba,
  0xdd, 0x2a, 0xb1, 0xeb, 0x5c, 0xa7, 0x9e, 0x84, 0xa2, 0x91, 0x42, 0xd2,
  0x52, 0x01, 0x09, 0xe2, 0xaa, 0xb4, 0xb9, 0x24, 0x53, 0x43, 0x33, 0xee,
  0x0e, 0x5e, 0x90, 0x55, 0x23, 0x41, 0x4f, 0x4a, 0xab, 0x2b, 0x54, 0xb1,
  0xc4, 0x87, 0x35, 0x22, 0xd4, 0xb3, 0x42, 0xcc, 0x55, 0x69, 0x2b, 0x09,
  0x08, 0x9d, 0x2a, 0x65, 0x15, 0x88, 0x85, 0xa8, 0x64, 0x14, 0xd0, 0x14,
  0x26, 0x15, 0x49, 0xfa, 0xd7, 0x5c, 0x06, 0x4d, 0x0d, 0x68, 0x45, 0x53,
  0x31, 0x32, 0xd2, 0x53, 0x8d, 0x72, 0x81, 0x5a, 0x5a, 0xa1, 0x3d, 0x6d,
  0x11, 0x94, 0x9b, 0xad, 0x3e, 0x33, 0x5b, 0x94, 0x59, 0x43, 0x4e, 0x6a,
  0xc8, 0x45, 0x79, 0x2a, 0xbb, 0x56, 0xb1, 0x18, 0x2d, 0x4c, 0xb4, 0x00,
  0xfa, 0x4a, 0xcc, 0x04, 0xa2, 0x98, 0x05, 0x14, 0x86, 0x14, 0x52, 0x01,
  0x68, 0xa6, 0x01, 0x4b, 0x48, 0x41, 0x45, 0x03, 0x0a, 0x75, 0x00, 0x3e,
  0x96, 0x90, 0x85, 0xa2, 0x81, 0x0b, 0x45, 0x20, 0x0a, 0x5a, 0x60, 0x25,
  0x25, 0x00, 0x25, 0x25, 0x31, 0x85, 0x2d, 0x31, 0x0b, 0x4b, 0x48, 0x05,
  0xa7, 0x0a, 0x04, 0x2d, 0x2d, 0x21, 0x0a, 0x69, 0xb4, 0x0c, 0x29, 0x28,
  0x18, 0x51, 0x48, 0x02, 0x81, 0x48, 0x64, 0x82, 0x9e, 0x29, 0x92, 0x3a,
  0x96, 0x82, 0x47, 0x52, 0xd0, 0x02, 0x1a, 0x69, 0xa4, 0x31, 0x29, 0x69,
  0x8c, 0x5a, 0x69, 0xa4, 0x21, 0x86, 0x9b, 0x48, 0x61, 0x49, 0x4c, 0x61,
  0x45, 0x00, 0x2d, 0x14, 0x80, 0x5a, 0x70, 0xa0, 0x44, 0xf1, 0xad, 0x58,
  0x51, 0x4d, 0x12, 0xc7, 0x81, 0x4e, 0xc5, 0x59, 0x02, 0x51, 0x54, 0x21,
  0x29, 0x86, 0x98, 0x0c, 0x6a, 0x81, 0xa9, 0x94, 0x36, 0x96, 0xac, 0x43,
  0xc5, 0x3a, 0x98, 0x05, 0x14, 0x08, 0x5a, 0x28, 0x01, 0x68, 0xa4, 0x01,
  0x45, 0x00, 0x2d, 0x25, 0x02, 0x0a, 0x28, 0x03, 0x42, 0x4e, 0x95, 0x5e,
  0x99, 0x9a, 0x0a, 0x2a, 0x46, 0x14, 0x86, 0x98, 0xc6, 0x3f, 0x4a, 0xa8,
  0xc3, 0x6e, 0x69, 0x8c, 0xa0, 0xdc, 0xb5, 0x3b, 0x15, 0x45, 0xb1, 0xb2,
  0x1e, 0x2a, 0x9b, 0x9e, 0x6a, 0x19, 0x71, 0x18, 0x2a, 0x65, 0xa9, 0x65,
  0x16, 0x62, 0xab, 0x91, 0xad, 0x61, 0x21, 0x16, 0x14, 0x54, 0x95, 0x88,
  0x06, 0x2a, 0x37, 0x14, 0xd0, 0x14, 0xe6, 0x5a, 0xa3, 0x22, 0xd7, 0x4c,
  0x06, 0x85, 0x8a, 0xaf, 0xc5, 0x4e, 0x62, 0x65, 0x94, 0xa9, 0x0d, 0x72,
  0x30, 0x2b, 0xcb, 0x54, 0x66, 0xad, 0x60, 0x32, 0x93, 0xd0, 0x95, 0xd0,
  0x51, 0x61, 0x69, 0xc6, 0xb3, 0x11, 0x03, 0xd4, 0x06, 0xb4, 0x43, 0x15,
  0x6a, 0x51, 0x43, 0x01, 0xd4, 0x95, 0x00, 0x14, 0x50, 0x01, 0x45, 0x21,
  0x85, 0x14, 0x80, 0x29, 0x69, 0x80, 0xb4, 0xb4, 0x80, 0x4a, 0x5a, 0x00,
  0x51, 0x4e, 0x14, 0x84, 0x3a, 0x96, 0x81, 0x05, 0x14, 0x00, 0x94, 0x50,
  0x01, 0x4b, 0x4c, 0x02, 0x92, 0x80, 0x12, 0x92, 0x98, 0x05, 0x2d, 0x00,
  0x2d, 0x2d, 0x20, 0x1c, 0x29, 0xc2, 0x81, 0x0e, 0x14, 0xb4, 0x84, 0x06,
  0x92, 0x80, 0x12, 0x92, 0x90, 0xc4, 0xa5, 0xa0, 0x62, 0x53, 0x85, 0x20,
  0x24, 0x14, 0xe1, 0x4c, 0x91, 0xd4, 0xea, 0x00, 0x5a, 0x5a, 0x62, 0x10,
  0xd3, 0x0d, 0x48, 0xc2, 0x9c, 0x29, 0x80, 0xb4, 0xd3, 0x40, 0x11, 0x9a,
  0x6d, 0x48, 0xc2, 0x92, 0x80, 0x0a, 0x28, 0x18, 0xb4, 0x50, 0x21, 0xc2,
  0xa4, 0x41, 0x40, 0x16, 0x50, 0x54, 0xa2, 0xa9, 0x10, 0xc7, 0xd1, 0x54,
  0x48, 0x94, 0x53, 0x10, 0xd3, 0x4c, 0x26, 0x98, 0x11, 0x31, 0xa8, 0x4d,
  0x51, 0x41, 0x4e, 0x15, 0x62, 0x1c, 0x29, 0xd4, 0x00, 0xb4, 0x50, 0x01,
  0x4b, 0x40, 0x0b, 0x49, 0x40, 0x82, 0x96, 0x80, 0x0a, 0x28, 0x01, 0x28,
  0xa0, 0x45, 0xd9, 0x8d, 0x45, 0x4c, 0x80, 0xa2, 0x90, 0xc2, 0x90, 0xd0,
  0x03, 0x1a, 0xaa, 0x5c, 0x9e, 0x28, 0x29, 0x15, 0x14, 0x54, 0x9b, 0x6a,
  0xc1, 0x90, 0x4e, 0x38, 0xaa, 0x46, 0xb3, 0x36, 0x8e, 0xc0, 0x16, 0xa6,
  0x45, 0xa9, 0x63, 0x2d, 0x44, 0x2a, 0xdc, 0x75, 0x84, 0x84, 0x4e, 0xb4,
  0xfa, 0xc4, 0x42, 0xd3, 0x18, 0x50, 0x05, 0x79, 0x16, 0xaa, 0x49, 0x1d,
  0x6f, 0x16, 0x31, 0x8a, 0x95, 0x66, 0x3a, 0xb6, 0xc0, 0xb0, 0xb4, 0xfa,
  0xe7, 0x60, 0x45, 0x25, 0x53, 0x94, 0x55, 0xc4, 0x65, 0x37, 0x5a, 0x60,
  0x15, 0xd0, 0x51, 0x30, 0xa5, 0xa9, 0x11, 0x13, 0xd4, 0x44, 0x55, 0x21,
  0x8a, 0x05, 0x48, 0x28, 0x01, 0x69, 0x2a, 0x40, 0x4a, 0x5a, 0x40, 0x14,
  0x52, 0x00, 0xa2, 0x81, 0x85, 0x2d, 0x30, 0x16, 0x96, 0x90, 0x05, 0x14,
  0x00, 0xb4, 0xea, 0x04, 0x2d, 0x2d, 0x02, 0x0a, 0x28, 0x01, 0x28, 0xa0,
  0x02, 0x8a, 0x60, 0x3a, 0x90, 0xd0, 0x21, 0xb4, 0x50, 0x30, 0xa5, 0xa0,
  0x05, 0xa2, 0x80, 0x1e, 0x29, 0xc2, 0x90, 0x87, 0xd2, 0xd2, 0x10, 0x86,
  0x92, 0x81, 0x89, 0x49, 0x48, 0x02, 0x8a, 0x43, 0x12, 0x9c, 0x28, 0x02,
  0x41, 0x4f, 0x14, 0xc9, 0x1f, 0x4b, 0x4c, 0x43, 0xa9, 0x68, 0x01, 0xa6,
  0xa3, 0xa9, 0x18, 0xa2, 0x9d, 0x4c, 0x42, 0xd4, 0x66, 0x90, 0xc8, 0xcd,
  0x25, 0x21, 0x85, 0x25, 0x03, 0x16, 0x8a, 0x00, 0x29, 0x68, 0x10, 0xe0,
  0x2a, 0xc4, 0x6b, 0x40, 0x13, 0x81, 0x4f, 0x15, 0x66, 0x63, 0xe9, 0x0d,
  0x32, 0x44, 0xa4, 0xa6, 0x03, 0x0d, 0x46, 0xd4, 0xc6, 0x44, 0xc6, 0x99,
  0x54, 0x86, 0x14, 0xe1, 0x56, 0x03, 0x85, 0x3a, 0x98, 0x85, 0xa2, 0x90,
  0x05, 0x2d, 0x31, 0x05, 0x2d, 0x20, 0x0a, 0x4a, 0x00, 0x29, 0x68, 0x01,
  0x28, 0xa4, 0x22, 0xd3, 0xf2, 0xd4, 0x95, 0x44, 0x05, 0x25, 0x21, 0x85,
  0x21, 0xa0, 0x06, 0xbf, 0xdd, 0xac, 0xfb, 0x83, 0x41, 0x48, 0x62, 0x0a,
  0x97, 0xb5, 0x58, 0x8a, 0x77, 0x35, 0x5f, 0x6d, 0x60, 0x6e, 0xb6, 0x17,
  0x6d, 0x48, 0xb4, 0x86, 0x4f, 0x1d, 0x59, 0x5a, 0xc9, 0x88, 0x9d, 0x0d,
  0x4a, 0x2b, 0x16, 0x01, 0x46, 0x28, 0x11, 0x1b, 0x2d, 0x40, 0xe9, 0x56,
  0x98, 0x11, 0x79, 0x75, 0x20, 0x15, 0x77, 0x18, 0xf1, 0x4f, 0xac, 0xc0,
  0x89, 0xaa, 0xbc, 0x82, 0xa9, 0x0c, 0xaa, 0xeb, 0x4c, 0xdb, 0x5b, 0x0c,
  0x78, 0xa2, 0x81, 0x91, 0xb5, 0x47, 0x8a, 0xa4, 0x02, 0x81, 0x4e, 0xa6,
  0x20, 0xa2, 0xa4, 0x62, 0x51, 0x48, 0x02, 0x96, 0x80, 0x0a, 0x28, 0x00,
  0xa5, 0xa0, 0x62, 0xd1, 0x48, 0x02, 0x8a, 0x04, 0x2d, 0x2d, 0x00, 0x14,
  0xb4, 0x00, 0x51, 0x40, 0x82, 0x8a, 0x60, 0x14, 0xe1, 0x4c, 0x07, 0x53,
  0x0d, 0x26, 0x21, 0x29, 0x28, 0x18, 0x53, 0xa8, 0x01, 0x69, 0x68, 0x01,
  0xc2, 0x9f, 0x48, 0x43, 0xe8, 0xa0, 0x42, 0x1a, 0x6d, 0x21, 0x85, 0x25,
  0x48, 0xc4, 0xa5, 0xa0, 0x04, 0xa7, 0x8a, 0x00, 0x78, 0xa9, 0x29, 0x92,
  0x3a, 0x96, 0x80, 0x1d, 0x4e, 0xa0, 0x43, 0x0d, 0x36, 0x90, 0xc2, 0x96,
  0x98, 0x84, 0x35, 0x19, 0xa4, 0x31, 0xb4, 0x94, 0x86, 0x14, 0x94, 0x0c,
  0x5a, 0x29, 0x88, 0x5a, 0x70, 0xa4, 0x04, 0xd1, 0xad, 0x58, 0x45, 0xa6,
  0x89, 0x64, 0x80, 0x53, 0xea, 0xc8, 0x16, 0x90, 0xd0, 0x21, 0xb4, 0xd2,
  0x69, 0x80, 0xc2, 0x6a, 0x17, 0x34, 0x14, 0x44, 0x69, 0x2a, 0xc0, 0x5a,
  0x70, 0xab, 0x10, 0xf1, 0x4e, 0xa0, 0x02, 0x8a, 0x00, 0x5a, 0x28, 0x10,
  0x51, 0x40, 0x0b, 0x45, 0x00, 0x14, 0x52, 0x00, 0xa4, 0xa6, 0x05, 0x9e,
  0xf4, 0x53, 0x33, 0x0a, 0x29, 0x0c, 0x4a, 0x4a, 0x00, 0x86, 0x56, 0xac,
  0xf9, 0x0f, 0xcf, 0x4c, 0xb4, 0x3d, 0x69, 0xec, 0x78, 0xa1, 0xec, 0x22,
  0x8c, 0xa7, 0x2d, 0x4d, 0x15, 0x81, 0xb8, 0xa0, 0x54, 0x81, 0x69, 0x00,
  0xf4, 0xa9, 0xd6, 0xa1, 0x88, 0x95, 0x6a, 0x75, 0x35, 0x9b, 0x01, 0xd4,
  0xb5, 0x22, 0x10, 0xd3, 0x19, 0x68, 0x02, 0x32, 0xb4, 0x98, 0xaa, 0x18,
  0xb4, 0x1a, 0x00, 0x8d, 0xaa, 0x17, 0xaa, 0x43, 0x21, 0x61, 0x51, 0xe2,
  0xb4, 0x43, 0x0a, 0x69, 0xa6, 0x03, 0x0d, 0x26, 0x2a, 0x86, 0x14, 0x50,
  0x02, 0x51, 0x40, 0x09, 0x45, 0x21, 0x85, 0x2d, 0x02, 0x16, 0x8a, 0x62,
  0x0a, 0x5a, 0x43, 0x0a, 0x4a, 0x00, 0x28, 0xa4, 0x02, 0xd2, 0xd3, 0x01,
  0x68, 0xa0, 0x41, 0x4b, 0x40, 0x09, 0x4b, 0x40, 0x05, 0x3c, 0x53, 0x10,
  0xa7, 0xa5, 0x47, 0x48, 0x10, 0x94, 0x53, 0x18, 0xb4, 0xb4, 0x80, 0x75,
  0x3a, 0x90, 0x87, 0x0a, 0x78, 0xa0, 0x43, 0xa8, 0xa4, 0x21, 0x94, 0x50,
  0x50, 0x94, 0x95, 0x23, 0x0a, 0x28, 0x00, 0xa7, 0x50, 0x03, 0xc5, 0x3e,
  0x99, 0x23, 0x85, 0x3c, 0x0a, 0x40, 0x3f, 0x14, 0xb8, 0xa6, 0x48, 0xd2,
  0x29, 0x36, 0xd0, 0x30, 0xdb, 0x4b, 0xb6, 0x80, 0x23, 0x22, 0xa3, 0x35,
  0x23, 0x1b, 0x49, 0x40, 0xc2, 0x8a, 0x06, 0x14, 0x50, 0x21, 0x6a, 0x54,
  0x14, 0x01, 0x61, 0x2a, 0x55, 0xab, 0x21, 0x92, 0x0a, 0x75, 0x32, 0x02,
  0x9a, 0x68, 0x01, 0x86, 0x9a, 0xc6, 0x81, 0x91, 0x31, 0xa8, 0x58, 0xd3,
  0x28, 0x6d, 0x15, 0xa0, 0x87, 0x0a, 0x70, 0xab, 0x10, 0xea, 0x75, 0x00,
  0x14, 0xb4, 0x80, 0x28, 0xa0, 0x41, 0x45, 0x00, 0x2d, 0x14, 0x00, 0x51,
  0x48, 0x04, 0xa2, 0x98, 0x8b, 0x14, 0xb4, 0x12, 0x25, 0x25, 0x00, 0x14,
  0xda, 0x40, 0x41, 0x70, 0x6b, 0x3b, 0xab, 0x53, 0x2d, 0x12, 0x0a, 0x49,
  0x5f, 0x02, 0x89, 0x0d, 0x14, 0xc9, 0xc9, 0xa7, 0x0a, 0xcc, 0xd8, 0x90,
  0x54, 0xe8, 0x2b, 0x36, 0x48, 0xed, 0xb4, 0xf1, 0x52, 0x04, 0xab, 0x52,
  0xad, 0x40, 0x12, 0x0a, 0x5a, 0x81, 0x09, 0x45, 0x21, 0x8d, 0x22, 0x9b,
  0x8a, 0x60, 0x36, 0x98, 0x69, 0x8c, 0x61, 0xa8, 0xda, 0xa8, 0x08, 0xcd,
  0x47, 0x56, 0x03, 0x0d, 0x21, 0xaa, 0x28, 0x6d, 0x25, 0x50, 0x09, 0x49,
  0x4c, 0x04, 0xa4, 0xa4, 0x30, 0xa2, 0x81, 0x05, 0x2d, 0x03, 0x0a, 0x5a,
  0x62, 0x1d, 0x49, 0x48, 0x02, 0x92, 0x80, 0x0a, 0x28, 0x01, 0x69, 0x68,
  0x10, 0xb4, 0x50, 0x30, 0xa2, 0x81, 0x05, 0x14, 0xc0, 0x75, 0x38, 0x53,
  0x10, 0x8d, 0x4d, 0xa9, 0x18, 0x52, 0xe2, 0x80, 0x16, 0x96, 0x90, 0x87,
  0x52, 0x8a, 0x40, 0x38, 0x53, 0xc5, 0x04, 0x8b, 0x49, 0x40, 0x09, 0x49,
  0x48, 0xa1, 0x29, 0x29, 0x0c, 0x28, 0xa0, 0x02, 0x9f, 0x40, 0x0f, 0x14,
  0xf1, 0x4c, 0x91, 0xc0, 0x54, 0xc9, 0x40, 0x89, 0x31, 0x46, 0x2a, 0x89,
  0x13, 0x14, 0x6d, 0xa0, 0x05, 0xdb, 0x46, 0xda, 0x04, 0x46, 0xc2, 0xab,
  0xbd, 0x41, 0xa2, 0x23, 0xa4, 0xa4, 0x30, 0xa2, 0x81, 0x85, 0x2d, 0x02,
  0x14, 0x54, 0xcb, 0x40, 0x13, 0x25, 0x4a, 0xa6, 0xac, 0x86, 0x3c, 0x1a,
  0x7d, 0x32, 0x42, 0x9a, 0x68, 0x11, 0x13, 0x1a, 0x8d, 0x8d, 0x22, 0x88,
  0x58, 0xd4, 0x75, 0x43, 0x0a, 0x5a, 0xd1, 0x08, 0x7d, 0x38, 0x55, 0x08,
  0x70, 0xa5, 0xa0, 0x05, 0xa2, 0x80, 0x0a, 0x28, 0x10, 0x52, 0xd0, 0x01,
  0x49, 0x40, 0x0b, 0x45, 0x00, 0x14, 0x94, 0x80, 0xb1, 0x4b, 0x4c, 0xcc,
  0x6d, 0x25, 0x03, 0x1a, 0x68, 0xcd, 0x21, 0x94, 0xee, 0x5a, 0xaa, 0x2d,
  0x32, 0xc9, 0x45, 0x41, 0x3d, 0x29, 0x0e, 0x25, 0x70, 0x2a, 0x65, 0x5a,
  0xcd, 0x9a, 0x92, 0x05, 0xab, 0x11, 0xad, 0x66, 0xc9, 0x25, 0xd9, 0x52,
  0x08, 0xaa, 0x04, 0x3c, 0x47, 0x52, 0x04, 0xa0, 0x4c, 0x76, 0x29, 0x0d,
  0x43, 0x01, 0xb4, 0x95, 0x25, 0x09, 0x4c, 0xa6, 0x03, 0x4d, 0x46, 0x69,
  0x8c, 0x61, 0xa8, 0xda, 0xac, 0x08, 0xcd, 0x30, 0xd5, 0x8c, 0x65, 0x25,
  0x50, 0xc4, 0xa4, 0xa6, 0x02, 0x51, 0x4c, 0x06, 0xd2, 0x50, 0x01, 0x45,
  0x20, 0x16, 0x8a, 0x00, 0x29, 0x68, 0x01, 0x68, 0xa6, 0x02, 0x51, 0x40,
  0x09, 0x4b, 0x48, 0x03, 0x34, 0xb4, 0xc4, 0x14, 0xb4, 0x00, 0x52, 0xd2,
  0x00, 0xa5, 0xa0, 0x05, 0x14, 0xea, 0x64, 0x8d, 0x34, 0x54, 0x94, 0x2d,
  0x2d, 0x02, 0x0a, 0x5a, 0x00, 0x29, 0xe2, 0x80, 0x1c, 0x29, 0xf4, 0x89,
  0x0a, 0x6d, 0x03, 0x0a, 0x4a, 0x40, 0x25, 0x25, 0x22, 0x82, 0x96, 0x80,
  0x0a, 0x70, 0xa0, 0x43, 0xc5, 0x48, 0x28, 0x10, 0xf1, 0x52, 0x0a, 0x62,
  0x1f, 0x9a, 0x33, 0x4c, 0x41, 0x9a, 0x75, 0x32, 0x45, 0xa2, 0x80, 0x22,
  0x7a, 0xac, 0xf5, 0x99, 0xa2, 0x23, 0xa4, 0xa0, 0x62, 0xd1, 0x40, 0x05,
  0x14, 0x00, 0xb5, 0x22, 0xd0, 0x04, 0xaa, 0x6a, 0x50, 0x6a, 0x89, 0x1c,
  0x0d, 0x3b, 0x34, 0xc9, 0x17, 0x34, 0xc2, 0xd4, 0xc4, 0x46, 0xcd, 0x50,
  0xb3, 0x54, 0x94, 0x47, 0x45, 0x58, 0x0b, 0x4b, 0x5a, 0x21, 0x0e, 0x14,
  0xfa, 0xb1, 0x0e, 0xa2, 0x80, 0x16, 0x8a, 0x40, 0x14, 0xb4, 0x08, 0x28,
  0xa0, 0x02, 0x8a, 0x00, 0x28, 0xa0, 0x04, 0xa2, 0x80, 0x2c, 0x51, 0x41,
  0x03, 0x69, 0xb9, 0xa0, 0x63, 0x5d, 0xb6, 0x8c, 0xd6, 0x7a, 0xeb, 0x16,
  0xaf, 0xc6, 0xf3, 0xf8, 0x8a, 0x76, 0x6c, 0x76, 0x1b, 0x2c, 0xcb, 0x27,
  0xdd, 0x20, 0xd2, 0x25, 0x05, 0x13, 0x62, 0xab, 0x4a, 0x39, 0xac, 0xa6,
  0xca, 0x88, 0xd5, 0x4a, 0x9d, 0x52, 0xb2, 0x6c, 0xa2, 0x65, 0x8e, 0xac,
  0xc7, 0x0d, 0x43, 0x11, 0x66, 0x38, 0x2a, 0x61, 0x05, 0x34, 0x43, 0x62,
  0xf9, 0x54, 0xd6, 0x4a, 0xd1, 0x22, 0x6e, 0x33, 0x15, 0x1b, 0x56, 0x53,
  0x2d, 0x0c, 0x34, 0xda, 0xcc, 0xb1, 0xa6, 0x98, 0x68, 0x18, 0xd3, 0x51,
  0x93, 0x54, 0x04, 0x66, 0x98, 0x4d, 0x58, 0x11, 0x9a, 0x6d, 0x50, 0xc6,
  0xd2, 0x55, 0x0c, 0x29, 0xb5, 0x42, 0x1b, 0x49, 0x40, 0xc4, 0xa2, 0x90,
  0x05, 0x2d, 0x00, 0x14, 0x50, 0x02, 0xd2, 0xd0, 0x01, 0x45, 0x00, 0x25,
  0x25, 0x30, 0x12, 0x96, 0x80, 0x0a, 0x28, 0x10, 0xea, 0x5a, 0x00, 0x5a,
  0x5a, 0x40, 0x2d, 0x14, 0x00, 0x51, 0x9a, 0x62, 0x12, 0x96, 0xa4, 0x62,
  0xd2, 0xd0, 0x20, 0xa5, 0xa6, 0x02, 0xd3, 0xc5, 0x20, 0x1c, 0x29, 0xd4,
  0x89, 0x12, 0x8a, 0x43, 0x12, 0x92, 0x80, 0x12, 0x92, 0x90, 0xc5, 0xa2,
  0x81, 0x85, 0x38, 0x50, 0x03, 0xc5, 0x3c, 0x50, 0x49, 0x20, 0xa7, 0xd3,
  0x10, 0xb4, 0x50, 0x02, 0xd3, 0x81, 0xa0, 0x43, 0xb3, 0x48, 0x4d, 0x31,
  0x11, 0x35, 0x40, 0xf5, 0x05, 0xa2, 0x3a, 0x28, 0x18, 0x51, 0x40, 0x05,
  0x14, 0x00, 0xea, 0x51, 0x40, 0x0f, 0x06, 0xa4, 0x0d, 0x40, 0x87, 0x86,
  0xa7, 0x6e, 0xa6, 0x48, 0xbb, 0xa9, 0x8c, 0xd4, 0xc0, 0x89, 0x9a, 0xa3,
  0xa0, 0x62, 0x51, 0x56, 0x84, 0x2d, 0x2d, 0x6a, 0x21, 0xf4, 0xe1, 0x54,
  0x21, 0xd4, 0xb4, 0x80, 0x29, 0x68, 0x00, 0xa2, 0x81, 0x05, 0x14, 0x00,
  0x51, 0x40, 0x05, 0x14, 0x00, 0x94, 0x52, 0x02, 0xcd, 0x21, 0xa0, 0x82,
  0x33, 0x49, 0x4c, 0x65, 0x2d, 0x56, 0x6f, 0x26, 0xce, 0x46, 0xfc, 0x2b,
  0x98, 0x8f, 0xd2, 0xb4, 0x8e, 0xc6, 0xb0, 0x34, 0xed, 0xea, 0xf4, 0x75,
  0x0c, 0x19, 0x3f, 0x6a, 0x84, 0xaf, 0x35, 0xcd, 0x27, 0xa8, 0xd0, 0xf5,
  0x4a, 0x9d, 0x12, 0xb3, 0x02, 0xcc, 0x51, 0x55, 0xa4, 0x8e, 0x9a, 0x21,
  0x96, 0x11, 0x2a, 0x5c, 0x56, 0xa8, 0xc9, 0x8d, 0x35, 0x13, 0x55, 0x01,
  0x5d, 0xb8, 0xa8, 0x9a, 0xb0, 0x99, 0xaa, 0x23, 0x34, 0xd3, 0x59, 0x1a,
  0x0c, 0x34, 0xd3, 0x4c, 0x64, 0x64, 0xd4, 0x66, 0xa8, 0x08, 0xc9, 0xa6,
  0x1a, 0xb1, 0x8c, 0x34, 0x95, 0x43, 0x12, 0x97, 0x14, 0xc4, 0x36, 0x98,
  0x6a, 0xc0, 0x69, 0xa6, 0x66, 0x80, 0x0a, 0x5a, 0x43, 0x16, 0x96, 0x90,
  0xc2, 0x96, 0x90, 0x85, 0xa5, 0xa0, 0x02, 0x92, 0x98, 0x09, 0x4d, 0xa0,
  0x04, 0xa5, 0xaa, 0x10, 0xb4, 0x52, 0x10, 0xea, 0x75, 0x21, 0x85, 0x2d,
  0x00, 0x14, 0x50, 0x02, 0x51, 0x4c, 0x05, 0xa5, 0xa9, 0x01, 0x69, 0x69,
  0x88, 0x29, 0xd4, 0x80, 0x51, 0x4f, 0x14, 0x84, 0x3a, 0x96, 0x81, 0x05,
  0x25, 0x03, 0x0a, 0x6d, 0x20, 0x12, 0x8a, 0x43, 0x0a, 0x28, 0x18, 0xb4,
  0xe1, 0x40, 0x0e, 0xa7, 0x8a, 0x09, 0x24, 0x15, 0x20, 0xa6, 0x21, 0x69,
  0x28, 0x01, 0x29, 0x73, 0x40, 0x85, 0xcd, 0x04, 0xd0, 0x04, 0x6c, 0x6a,
  0x16, 0xa9, 0x2c, 0x6d, 0x25, 0x20, 0x12, 0x8a, 0x63, 0x16, 0x8a, 0x04,
  0x3a, 0x96, 0x80, 0x16, 0x9d, 0x48, 0x43, 0xb3, 0x4b, 0x9a, 0x60, 0x1b,
  0xa9, 0x85, 0xa8, 0x10, 0xd2, 0x69, 0xb5, 0x48, 0x02, 0x96, 0xb4, 0x42,
  0x16, 0x9d, 0x56, 0x03, 0x85, 0x3c, 0x55, 0x12, 0x38, 0x51, 0x40, 0x85,
  0xa2, 0x80, 0x0a, 0x28, 0x00, 0xa2, 0x80, 0x0a, 0x28, 0x00, 0xa2, 0x90,
  0x09, 0x45, 0x30, 0x2c, 0x53, 0x4d, 0x22, 0x06, 0x9a, 0x6d, 0x03, 0x31,
  0x7c, 0x43, 0x2f, 0xc9, 0x1c, 0x5e, 0xa7, 0x75, 0x64, 0x40, 0x3e, 0x6a,
  0xd7, 0xec, 0x9b, 0x47, 0x63, 0x52, 0x11, 0x57, 0x62, 0x15, 0x9b, 0x25,
  0x92, 0xb7, 0x4a, 0x6a, 0xd7, 0x23, 0x28, 0x95, 0x6a, 0xc4, 0x6b, 0x52,
  0x05, 0xb8, 0xea, 0x75, 0xad, 0xe2, 0x8c, 0x59, 0x30, 0xa6, 0x96, 0xaa,
  0x20, 0x8d, 0x9e, 0xa2, 0x69, 0x28, 0x65, 0xa2, 0xb3, 0x49, 0xcd, 0x34,
  0x9a, 0xe5, 0x91, 0xaa, 0x1a, 0x69, 0x86, 0xa4, 0xa1, 0xa6, 0xa3, 0x26,
  0x98, 0xc6, 0x13, 0x51, 0x93, 0x56, 0x04, 0x44, 0xd3, 0x09, 0xab, 0x18,
  0x94, 0x53, 0x18, 0xf4, 0x5c, 0xd4, 0x86, 0x3a, 0x68, 0x86, 0x42, 0xc9,
  0x50, 0xb7, 0x15, 0xa8, 0xc8, 0x89, 0xa6, 0x66, 0x98, 0xc7, 0x52, 0xd4,
  0x8c, 0x5a, 0x5a, 0xcc, 0x05, 0xa5, 0xa0, 0x63, 0xa8, 0xa0, 0x41, 0x49,
  0x4c, 0x04, 0x34, 0xca, 0x62, 0x0a, 0x5a, 0x60, 0x19, 0xa2, 0x98, 0x87,
  0x53, 0xaa, 0x46, 0x19, 0xa3, 0x34, 0x00, 0xb4, 0x99, 0xa0, 0x04, 0xa2,
  0x98, 0x0b, 0x4e, 0xa9, 0x01, 0xd4, 0xb4, 0xc9, 0x1c, 0x29, 0x6a, 0x40,
  0x70, 0xa7, 0x0a, 0x40, 0x3a, 0x96, 0x81, 0x09, 0x49, 0x40, 0xc2, 0x92,
  0x90, 0x0d, 0xa2, 0x90, 0xc2, 0x8a, 0x06, 0x3a, 0x94, 0x50, 0x21, 0xe2,
  0xa4, 0x02, 0x81, 0x0f, 0x02, 0x9f, 0x4c, 0x90, 0xa6, 0xd2, 0x18, 0x94,
  0xb4, 0xc0, 0x5a, 0x42, 0x69, 0x01, 0x19, 0xa8, 0xcd, 0x22, 0x86, 0xd1,
  0x48, 0x61, 0x45, 0x00, 0x14, 0x53, 0x01, 0x69, 0xd4, 0x84, 0x2d, 0x2d,
  0x02, 0x16, 0x8a, 0x06, 0x25, 0x34, 0xd3, 0x10, 0x94, 0x55, 0x00, 0x52,
  0xd6, 0x88, 0x91, 0x69, 0xc2, 0xac, 0x43, 0xc5, 0x38, 0x55, 0x88, 0x75,
  0x2d, 0x20, 0x0a, 0x29, 0x08, 0x28, 0xa6, 0x01, 0x45, 0x20, 0x0a, 0x29,
  0x80, 0x52, 0x50, 0x01, 0x45, 0x00, 0x58, 0xaa, 0xb7, 0x45, 0xc6, 0x36,
  0x52, 0x25, 0x0e, 0x53, 0x91, 0x4a, 0x7a, 0x54, 0xdc, 0x67, 0x33, 0xad,
  0x49, 0xbe, 0xf4, 0x8f, 0xf9, 0xe6, 0x31, 0x50, 0x5b, 0xd7, 0x47, 0x43,
  0x65, 0xb1, 0xa5, 0x0d, 0x5d, 0x8e, 0xb1, 0x91, 0x02, 0xb5, 0x02, 0xb9,
  0x4b, 0x27, 0x8a, 0xad, 0xc6, 0x28, 0x44, 0xb2, 0x71, 0x4f, 0x0d, 0x5d,
  0x0b, 0x43, 0x21, 0xfe, 0x6d, 0x31, 0xa4, 0xa8, 0x40, 0x42, 0x5e, 0xa0,
  0x91, 0xe8, 0x91, 0x48, 0x83, 0x77, 0x35, 0x20, 0x35, 0xce, 0xcd, 0x00,
  0xd3, 0x0d, 0x21, 0x8c, 0x26, 0x98, 0x4d, 0x31, 0x91, 0xb1, 0xa8, 0x98,
  0xd6, 0x80, 0x44, 0x4d, 0x37, 0x35, 0x65, 0x05, 0x48, 0xa3, 0x34, 0x80,
  0xb5, 0x1a, 0x54, 0xdb, 0x33, 0x57, 0x03, 0x09, 0x32, 0x39, 0x22, 0xc5,
  0x52, 0x9d, 0x6b, 0x6b, 0x0a, 0x2c, 0xa1, 0x27, 0x14, 0xc0, 0x68, 0x37,
  0x24, 0x06, 0x9d, 0x50, 0xc0, 0x70, 0xa7, 0x56, 0x45, 0x0b, 0x4e, 0x14,
  0x00, 0xb4, 0x50, 0x20, 0xa6, 0xd3, 0x01, 0x86, 0x9b, 0x4c, 0x42, 0x51,
  0x9a, 0xa0, 0x0c, 0xd2, 0xd3, 0x01, 0xd4, 0xea, 0x90, 0x0a, 0x28, 0x10,
  0x66, 0x93, 0x34, 0x0c, 0x33, 0x4b, 0x40, 0x0a, 0x29, 0xe2, 0x90, 0x87,
  0x53, 0xc5, 0x21, 0x0e, 0xa2, 0x90, 0x0b, 0x4f, 0xa4, 0x21, 0xd4, 0x50,
  0x02, 0x51, 0x40, 0x09, 0x49, 0x48, 0x62, 0x51, 0x48, 0x62, 0x51, 0x48,
  0x63, 0x85, 0x3e, 0x98, 0x87, 0x0a, 0x94, 0x50, 0x21, 0xe2, 0x9d, 0x4c,
  0x42, 0x1a, 0x6d, 0x20, 0x12, 0x8a, 0x00, 0x5a, 0x43, 0x40, 0x0c, 0x35,
  0x19, 0xa9, 0x28, 0x6d, 0x14, 0x00, 0x51, 0x40, 0xc2, 0x96, 0x80, 0x16,
  0x96, 0x81, 0x0b, 0x4b, 0x40, 0x0b, 0x45, 0x02, 0x1b, 0x49, 0x4c, 0x04,
  0xa2, 0xac, 0x42, 0xd2, 0xd5, 0xa1, 0x0b, 0x4e, 0xad, 0x04, 0x3a, 0x9e,
  0x29, 0x88, 0x75, 0x14, 0x00, 0x51, 0x40, 0x82, 0x8a, 0x00, 0x28, 0xa0,
  0x02, 0x8a, 0x00, 0x4a, 0x5a, 0x40, 0x25, 0x14, 0xc0, 0xb1, 0x2f, 0xc8,
  0x2a, 0xb1, 0x70, 0xd5, 0x98, 0x21, 0xbb, 0xa9, 0x8c, 0xf8, 0x19, 0xa4,
  0x33, 0x95, 0x99, 0xfc, 0xe9, 0x9d, 0xff, 0x00, 0xbc, 0xd9, 0xa9, 0xe1,
  0x15, 0xd4, 0xcd, 0x4b, 0xd0, 0xd5, 0xc4, 0xae, 0x79, 0x92, 0x3a, 0x9e,
  0xa2, 0xb9, 0xc6, 0x5a, 0x85, 0x6a, 0xd2, 0xd5, 0x44, 0xce, 0x43, 0xea,
  0x27, 0x7a, 0xb6, 0xc4, 0x88, 0xf7, 0x9a, 0x76, 0xea, 0x98, 0x8d, 0x8d,
  0x35, 0x04, 0xa6, 0xaa, 0x61, 0x12, 0x20, 0x69, 0xe0, 0xd6, 0x2c, 0xd0,
  0x76, 0x69, 0xa6, 0xa0, 0x63, 0x0d, 0x46, 0x4d, 0x50, 0x11, 0xb1, 0xa8,
  0x5c, 0xd6, 0x88, 0x64, 0x44, 0xd3, 0x73, 0x5a, 0x0c, 0x7a, 0xd5, 0xb8,
  0x52, 0xa5, 0x92, 0xcb, 0x6a, 0xb5, 0x28, 0x18, 0xad, 0xa2, 0x8e, 0x76,
  0x32, 0x4a, 0xa1, 0x71, 0x8a, 0xd4, 0x11, 0x95, 0x70, 0x79, 0xa8, 0x81,
  0xa8, 0x3a, 0x51, 0x28, 0xa7, 0x8a, 0x86, 0x32, 0x41, 0x4e, 0xac, 0x86,
  0x3a, 0x96, 0x90, 0x0b, 0x45, 0x31, 0x09, 0x4c, 0x35, 0x42, 0x18, 0x69,
  0xb4, 0xc0, 0x4a, 0x6d, 0x30, 0x14, 0x53, 0xaa, 0x80, 0x75, 0x38, 0x54,
  0x88, 0x5a, 0x29, 0x00, 0x86, 0x9b, 0x40, 0x09, 0x4e, 0xa0, 0x63, 0xc5,
  0x3c, 0x52, 0x10, 0xf1, 0x4e, 0x14, 0x98, 0x85, 0xa5, 0xa4, 0x03, 0xc5,
  0x3a, 0x90, 0x85, 0xa5, 0xa0, 0x04, 0xa4, 0xa0, 0x04, 0xa6, 0x9a, 0x45,
  0x05, 0x14, 0x80, 0x4a, 0x5a, 0x43, 0x1c, 0x29, 0xe2, 0x99, 0x23, 0xc0,
  0xa7, 0x8a, 0x04, 0x48, 0xa2, 0xa4, 0xdb, 0x4c, 0x41, 0xb2, 0x9b, 0xb2,
  0x90, 0x06, 0xca, 0x36, 0x50, 0x01, 0xb6, 0x9a, 0x45, 0x31, 0x91, 0xb5,
  0x42, 0x6a, 0x0a, 0x1b, 0x45, 0x03, 0x12, 0x96, 0x80, 0x0a, 0x5a, 0x00,
  0x5a, 0x5a, 0x04, 0x2d, 0x2d, 0x00, 0x14, 0x50, 0x02, 0x53, 0x69, 0x88,
  0x28, 0xab, 0x10, 0xb4, 0xb5, 0x62, 0x1d, 0x4b, 0x5a, 0x21, 0x0f, 0x14,
  0xea, 0x62, 0x1d, 0x45, 0x00, 0x14, 0x52, 0x00, 0xa2, 0x98, 0x82, 0x8a,
  0x00, 0x28, 0xa0, 0x04, 0xa2, 0x80, 0x16, 0x8a, 0x00, 0x9a, 0xe0, 0x16,
  0x5a, 0xa0, 0x60, 0x91, 0x4d, 0x66, 0x34, 0xc4, 0xc3, 0x77, 0x06, 0xab,
  0xdf, 0xcb, 0xe5, 0xdb, 0x39, 0xfc, 0x29, 0xa5, 0xa8, 0xce, 0x75, 0x07,
  0x6a, 0xbb, 0x10, 0xae, 0x89, 0x1a, 0x17, 0x62, 0x15, 0x71, 0x05, 0x72,
  0x4c, 0x44, 0xaa, 0xb9, 0xa9, 0xd6, 0x3a, 0xc0, 0x19, 0x32, 0x8c, 0x54,
  0x95, 0xb2, 0x32, 0x06, 0x6c, 0x0a, 0x8b, 0xad, 0x66, 0xf5, 0x65, 0x20,
  0xc5, 0x2d, 0x6a, 0x89, 0x11, 0xaa, 0x94, 0xcf, 0xcd, 0x4c, 0x8a, 0x89,
  0x1e, 0xea, 0x78, 0x35, 0x05, 0x8f, 0xcd, 0x06, 0xa0, 0x63, 0x0d, 0x46,
  0x6a, 0x80, 0x89, 0x8d, 0x40, 0xe6, 0xb4, 0x43, 0x21, 0x26, 0x90, 0x1a,
  0xd0, 0x65, 0xa8, 0x17, 0x35, 0xa5, 0x0c, 0x74, 0x8c, 0xe4, 0x59, 0x54,
  0xa4, 0x6a, 0xde, 0x27, 0x3b, 0x2b, 0xca, 0xd8, 0xac, 0xab, 0xb9, 0x69,
  0xb3, 0x48, 0x19, 0xae, 0x72, 0x68, 0x14, 0x8e, 0x82, 0x55, 0xa9, 0x45,
  0x66, 0xc0, 0x78, 0xa7, 0x8a, 0xc8, 0x63, 0x85, 0x2d, 0x02, 0x16, 0x92,
  0x80, 0x10, 0xd4, 0x66, 0x98, 0x86, 0xd2, 0x55, 0x88, 0x4a, 0x5c, 0x53,
  0x40, 0x2e, 0xda, 0x31, 0x4c, 0x05, 0xa5, 0xa9, 0x01, 0x68, 0xa4, 0x03,
  0x4d, 0x36, 0x98, 0x05, 0x3a, 0x80, 0x1e, 0x2a, 0x41, 0x48, 0x07, 0x0a,
  0x7d, 0x21, 0x0b, 0x4a, 0x2a, 0x40, 0x78, 0xa7, 0x52, 0x10, 0xb4, 0x50,
  0x02, 0x52, 0x50, 0x02, 0x53, 0x6a, 0x4a, 0x0a, 0x28, 0x01, 0x29, 0x45,
  0x20, 0x1f, 0x52, 0x0a, 0x62, 0x1e, 0x2a, 0x45, 0x14, 0xc4, 0x58, 0x8d,
  0x6a, 0x60, 0xb4, 0xc8, 0x62, 0x94, 0xa6, 0xec, 0xa6, 0x21, 0x7c, 0xba,
  0x3c, 0xba, 0x00, 0x69, 0x8e, 0xa2, 0x74, 0xa9, 0x1a, 0x20, 0x71, 0x55,
  0xda, 0xa0, 0xd0, 0x6d, 0x25, 0x05, 0x05, 0x14, 0x00, 0x52, 0xd2, 0x01,
  0x69, 0x69, 0x88, 0x5a, 0x5a, 0x00, 0x28, 0xa4, 0x03, 0x69, 0x2a, 0x84,
  0x14, 0x55, 0x88, 0x5a, 0x5a, 0xd0, 0x43, 0xa9, 0xc2, 0xad, 0x08, 0x70,
  0xa7, 0xd3, 0x10, 0xb4, 0xb4, 0x84, 0x25, 0x14, 0xc0, 0x28, 0xa0, 0x02,
  0x8a, 0x00, 0x28, 0xa0, 0x02, 0x8a, 0x40, 0x14, 0x50, 0x05, 0xe2, 0xbc,
  0x54, 0x12, 0x52, 0x24, 0x87, 0x35, 0x89, 0xaf, 0xb0, 0x0b, 0x1c, 0x7d,
  0xdb, 0x9a, 0xb8, 0xee, 0x68, 0x8c, 0x98, 0x87, 0x35, 0x76, 0x21, 0x54,
  0xcd, 0x0b, 0xb0, 0x8a, 0xb6, 0xa2, 0xb9, 0x26, 0x22, 0xcc, 0x6b, 0x56,
  0x14, 0x56, 0x48, 0x96, 0x2d, 0x35, 0x9b, 0x15, 0xb1, 0x04, 0x45, 0xf3,
  0x4f, 0x5a, 0xcf, 0xa9, 0x6c, 0x5a, 0x42, 0x6b, 0x72, 0x0a, 0xf2, 0xc9,
  0x8a, 0xa6, 0xed, 0xcd, 0x67, 0xd4, 0xd1, 0x0c, 0x0d, 0x52, 0xa9, 0xa4,
  0xca, 0x1e, 0x0d, 0x29, 0x35, 0x00, 0x30, 0x9a, 0x89, 0x8d, 0x30, 0x21,
  0x73, 0x50, 0xb1, 0xad, 0x51, 0x44, 0x46, 0xa4, 0x89, 0x72, 0x6b, 0x40,
  0x35, 0x2d, 0xa1, 0xe2, 0xaf, 0xc6, 0xb8, 0xa5, 0x13, 0x9a, 0x4c, 0x73,
  0x1c, 0x54, 0x0e, 0xd5, 0xb9, 0x99, 0x42, 0xe6, 0x4a, 0xc9, 0x9d, 0xf2,
  0x6a, 0x0e, 0x88, 0x10, 0x53, 0x85, 0x06, 0xa4, 0xab, 0x52, 0x2d, 0x66,
  0xc0, 0x90, 0x53, 0xc5, 0x66, 0x03, 0xe8, 0xa4, 0x20, 0xa4, 0xa6, 0x03,
  0x4d, 0x30, 0xd5, 0x00, 0xda, 0x4a, 0xa0, 0x01, 0x52, 0x28, 0xaa, 0x11,
  0x32, 0xc7, 0x41, 0x8e, 0x91, 0x37, 0x23, 0xdb, 0x4d, 0xc5, 0x03, 0x17,
  0x6d, 0x25, 0x21, 0x8c, 0x34, 0x95, 0x40, 0x2d, 0x38, 0x54, 0x81, 0x20,
  0xa7, 0x0a, 0x40, 0x48, 0x29, 0xd4, 0x89, 0x0a, 0x70, 0xa4, 0x03, 0xe9,
  0x45, 0x48, 0x85, 0xa2, 0x81, 0x89, 0x49, 0x40, 0x09, 0x49, 0x48, 0xa0,
  0xa4, 0xa4, 0x02, 0x53, 0x85, 0x00, 0x3c, 0x53, 0xc5, 0x02, 0x1e, 0x2a,
  0x64, 0xa0, 0x45, 0x88, 0xea, 0xc0, 0xaa, 0x21, 0x8e, 0xc5, 0x2e, 0x29,
  0x90, 0x2e, 0x29, 0x71, 0x40, 0x0c, 0x61, 0x50, 0x38, 0xa4, 0x51, 0x5a,
  0x5a, 0xaa, 0xf5, 0x99, 0xaa, 0x23, 0xa4, 0xa0, 0xa0, 0xa2, 0x80, 0x0a,
  0x75, 0x00, 0x14, 0xb4, 0x00, 0xea, 0x29, 0x00, 0x51, 0x40, 0x86, 0xd2,
  0x55, 0x00, 0x94, 0xb5, 0x64, 0x8b, 0x4e, 0x15, 0xa2, 0x10, 0xb4, 0xea,
  0xb1, 0x0f, 0x14, 0xea, 0x62, 0x1d, 0x45, 0x20, 0x12, 0x8a, 0x60, 0x14,
  0x50, 0x01, 0x45, 0x00, 0x14, 0x50, 0x20, 0xa2, 0x90, 0x05, 0x14, 0x01,
  0x7b, 0x21, 0x85, 0x42, 0xe2, 0x81, 0x22, 0xa4, 0xa4, 0xa5, 0x73, 0x9a,
  0xac, 0x9e, 0x7d, 0xc8, 0x3f, 0xdd, 0x18, 0xad, 0x22, 0x68, 0x88, 0x62,
  0x5a, 0xbb, 0x12, 0xd2, 0x91, 0x65, 0xe8, 0x85, 0x5b, 0x8c, 0x57, 0x1c,
  0xc4, 0x59, 0x41, 0x4f, 0xcd, 0x4c, 0x49, 0x63, 0x1a, 0x4c, 0x55, 0x59,
  0x67, 0xaa, 0x60, 0x82, 0x23, 0x9a, 0xb4, 0x3a, 0x55, 0x45, 0x09, 0x8d,
  0xcd, 0x32, 0x46, 0xad, 0xba, 0x12, 0x67, 0xcd, 0x26, 0x4d, 0x45, 0x59,
  0x1b, 0x05, 0x48, 0xa6, 0x93, 0x01, 0xe0, 0xd3, 0xb3, 0x50, 0x04, 0x6c,
  0x6a, 0x16, 0x6a, 0xa4, 0x32, 0x16, 0x6a, 0x85, 0x8d, 0x6a, 0x86, 0x0a,
  0x32, 0x6b, 0x4e, 0xce, 0x0e, 0xf4, 0xd9, 0x32, 0xd8, 0xd2, 0x45, 0xc5,
  0x3b, 0x7e, 0x2b, 0x53, 0x94, 0x89, 0x9a, 0xab, 0x4d, 0x25, 0x31, 0xa3,
  0x32, 0xe6, 0x4c, 0xd5, 0x16, 0xa8, 0x3a, 0x50, 0x94, 0xe1, 0x4d, 0x94,
  0x48, 0x2a, 0x55, 0xac, 0x98, 0x12, 0x0a, 0x90, 0x56, 0x60, 0x2d, 0x14,
  0xc4, 0x14, 0x94, 0x00, 0xd3, 0x4d, 0xaa, 0x01, 0x31, 0x4d, 0xa6, 0x03,
  0x94, 0x54, 0xe8, 0xb5, 0x64, 0xb2, 0xca, 0xa5, 0x23, 0x8a, 0x46, 0x64,
  0x25, 0x73, 0x4a, 0x23, 0xa0, 0xa1, 0xae, 0x2a, 0x23, 0x4d, 0x0c, 0x8f,
  0x14, 0xb8, 0xa6, 0x31, 0x71, 0x4a, 0x05, 0x40, 0xc7, 0x81, 0x4f, 0x14,
  0x84, 0x3c, 0x53, 0xa9, 0x08, 0x29, 0xe2, 0xa4, 0x07, 0x52, 0xd2, 0x10,
  0xb4, 0x94, 0x0c, 0x4a, 0x28, 0x01, 0xb4, 0x94, 0x86, 0x14, 0xda, 0x43,
  0x16, 0x9c, 0x28, 0x02, 0x41, 0x4f, 0x14, 0x08, 0x91, 0x45, 0x4c, 0x82,
  0x99, 0x25, 0x84, 0x15, 0x3a, 0xd5, 0x10, 0x3e, 0x8a, 0x09, 0x0a, 0x33,
  0x40, 0x11, 0x3b, 0x55, 0x79, 0x1e, 0xa5, 0x96, 0x8a, 0xd2, 0x35, 0x57,
  0x6a, 0x83, 0x44, 0x32, 0x92, 0x91, 0x41, 0x45, 0x30, 0x16, 0x96, 0x90,
  0x05, 0x2d, 0x00, 0x3a, 0x8a, 0x04, 0x14, 0x94, 0x00, 0x86, 0x92, 0xa8,
  0x41, 0x45, 0x68, 0x21, 0xd4, 0xb5, 0x48, 0x43, 0xa9, 0xc2, 0xb4, 0x10,
  0xea, 0x7d, 0x31, 0x0b, 0x45, 0x00, 0x14, 0x94, 0x00, 0xb4, 0x94, 0x08,
  0x28, 0xa0, 0x02, 0x8a, 0x40, 0x14, 0x50, 0x31, 0x29, 0x68, 0x10, 0xe0,
  0xfb, 0x69, 0x4c, 0xe2, 0x98, 0x8a, 0x77, 0x6f, 0xb9, 0x0d, 0x73, 0xec,
  0x37, 0x36, 0x6b, 0x44, 0x6b, 0x12, 0x58, 0xd2, 0xad, 0x44, 0x2b, 0x39,
  0x16, 0x5d, 0x8c, 0x55, 0xb8, 0xc5, 0x71, 0xc8, 0x92, 0x6a, 0x46, 0x34,
  0xd1, 0x05, 0x59, 0xde, 0xa9, 0xe7, 0x26, 0xa9, 0x16, 0x59, 0x86, 0xad,
  0x83, 0xc5, 0x6b, 0x13, 0x39, 0x01, 0xa8, 0x26, 0xe9, 0x4e, 0x7b, 0x09,
  0x14, 0x48, 0xe6, 0x93, 0x15, 0x99, 0xa8, 0x94, 0x0a, 0x06, 0x3f, 0x34,
  0xec, 0xd4, 0x81, 0x0b, 0x9a, 0x81, 0x9a, 0xa9, 0x0c, 0x85, 0x9a, 0x99,
  0xd6, 0xb5, 0x43, 0x2d, 0xdb, 0x47, 0x93, 0x5a, 0xf0, 0xfc, 0xa2, 0x9f,
  0x53, 0x19, 0x92, 0x16, 0xa6, 0x55, 0x99, 0x0c, 0x91, 0xb0, 0x2b, 0x3e,
  0xe6, 0x5a, 0x96, 0x5c, 0x4c, 0xf7, 0x6c, 0xd4, 0x26, 0x83, 0xa0, 0x29,
  0xc2, 0x90, 0xc9, 0x56, 0xa5, 0x5a, 0xcd, 0x81, 0x28, 0xa7, 0xd4, 0x00,
  0x51, 0x4c, 0x90, 0xa4, 0xa0, 0x06, 0xd2, 0x62, 0x98, 0xc5, 0xc5, 0x26,
  0xda, 0x62, 0x24, 0x54, 0xab, 0x51, 0xc7, 0x54, 0x66, 0xc9, 0x4f, 0x15,
  0x0b, 0x73, 0x4c, 0x81, 0xb8, 0xa2, 0xa4, 0xa2, 0x33, 0x4c, 0x22, 0xad,
  0x0c, 0x6e, 0xda, 0x70, 0x5a, 0x6c, 0x61, 0xb6, 0x8c, 0x56, 0x6c, 0x63,
  0xb1, 0x4e, 0x02, 0x81, 0x0f, 0xc5, 0x2d, 0x21, 0x0e, 0x14, 0xb5, 0x20,
  0x2d, 0x3a, 0x90, 0xc2, 0x92, 0x80, 0x0a, 0x69, 0xa0, 0x04, 0xa4, 0xa9,
  0x18, 0x53, 0x68, 0x18, 0xe0, 0x2a, 0x40, 0xb4, 0x01, 0x20, 0x5a, 0x78,
  0x5a, 0x64, 0x92, 0x01, 0x52, 0xad, 0x02, 0x25, 0x56, 0xa9, 0x37, 0xd5,
  0x10, 0x3b, 0x7d, 0x2e, 0xea, 0x62, 0x0d, 0xd4, 0xd6, 0x6a, 0x40, 0x57,
  0x91, 0xea, 0xbb, 0x35, 0x41, 0xa1, 0x13, 0x1a, 0x8c, 0xd4, 0x96, 0x36,
  0x92, 0x81, 0x85, 0x14, 0x86, 0x2d, 0x14, 0xc0, 0x75, 0x2d, 0x21, 0x05,
  0x2d, 0x00, 0x14, 0x94, 0x08, 0x6d, 0x15, 0x48, 0x41, 0x4b, 0x5a, 0x08,
  0x5a, 0x75, 0x58, 0x85, 0xa7, 0x0a, 0xb1, 0x0f, 0x14, 0xea, 0x62, 0x16,
  0x8a, 0x00, 0x28, 0xa4, 0x20, 0xa2, 0x81, 0x89, 0x45, 0x02, 0x0a, 0x28,
  0x18, 0x51, 0x4c, 0x02, 0x8a, 0x42, 0x18, 0xc6, 0xa2, 0x26, 0xac, 0x45,
  0x1b, 0xc9, 0xf8, 0xdb, 0x54, 0x3b, 0xd5, 0x23, 0x68, 0xa2, 0x65, 0xab,
  0x31, 0x0a, 0xc6, 0x65, 0x17, 0xa2, 0x15, 0x65, 0x2b, 0x90, 0x81, 0xf5,
  0x1c, 0x86, 0x98, 0x8a, 0x52, 0xd4, 0x2a, 0x39, 0xab, 0x45, 0x96, 0x63,
  0xab, 0x0a, 0x6b, 0x74, 0x64, 0xc7, 0x13, 0x55, 0x26, 0x6c, 0xd6, 0x73,
  0x08, 0x95, 0xcd, 0x34, 0xd4, 0x9a, 0x8d, 0xa4, 0x14, 0xc6, 0x3a, 0x94,
  0x9a, 0x42, 0x21, 0x73, 0x50, 0x39, 0xab, 0x45, 0x10, 0xf5, 0xa9, 0xa2,
  0x4a, 0xd0, 0x4c, 0xd0, 0x81, 0x31, 0x57, 0x14, 0x50, 0x60, 0xc9, 0x95,
  0x29, 0x58, 0x60, 0x55, 0x10, 0x51, 0xb8, 0x6a, 0xcb, 0x9d, 0xb2, 0x6a,
  0x4d, 0xa0, 0x56, 0x63, 0x51, 0xd0, 0x6a, 0x2d, 0x3c, 0x52, 0x19, 0x32,
  0xd4, 0xab, 0x59, 0xb1, 0x12, 0x0a, 0x7d, 0x48, 0x05, 0x14, 0xc4, 0x14,
  0x94, 0xc0, 0x4a, 0x28, 0x00, 0xa7, 0xaa, 0xd0, 0x05, 0x88, 0xd2, 0xa6,
  0xe9, 0x54, 0x8c, 0x58, 0xc6, 0x35, 0x1d, 0x30, 0x1b, 0x9a, 0x4a, 0x92,
  0x84, 0xa4, 0xc5, 0x58, 0x06, 0xca, 0x76, 0x29, 0x88, 0x4c, 0x52, 0x62,
  0xb3, 0x28, 0x5a, 0x70, 0x14, 0x08, 0x7d, 0x14, 0x80, 0x51, 0x4b, 0x48,
  0x62, 0xd2, 0xd2, 0x10, 0x51, 0x40, 0xc4, 0xa6, 0xd2, 0x18, 0x94, 0x50,
  0x31, 0xb4, 0x54, 0x8c, 0x99, 0x16, 0xa7, 0x54, 0xa6, 0x4b, 0x26, 0x58,
  0xe9, 0xc2, 0x3a, 0xa3, 0x31, 0xe2, 0x3a, 0x78, 0x8e, 0x98, 0x87, 0x79,
  0x74, 0x15, 0xa0, 0x06, 0x51, 0x9a, 0x43, 0x17, 0x34, 0xc6, 0x34, 0x01,
  0x0b, 0x9a, 0x81, 0xaa, 0x0b, 0x23, 0x34, 0xda, 0x45, 0x09, 0x49, 0x48,
  0x61, 0x45, 0x03, 0x16, 0x96, 0x81, 0x0b, 0x4b, 0x48, 0x02, 0x96, 0x98,
  0x82, 0x92, 0x80, 0x1b, 0x49, 0x54, 0x84, 0x2d, 0x2d, 0x68, 0x21, 0x45,
  0x3a, 0xad, 0x08, 0x70, 0xa7, 0x56, 0x82, 0x1f, 0x4b, 0x40, 0x85, 0xa2,
  0x90, 0x05, 0x14, 0x00, 0x51, 0x40, 0x05, 0x25, 0x02, 0x0a, 0x29, 0x80,
  0x51, 0x40, 0xc2, 0x8a, 0x40, 0x41, 0x23, 0x55, 0x1b, 0x89, 0xf0, 0x2b,
  0x40, 0x8a, 0xb9, 0x99, 0x24, 0xb9, 0x34, 0x88, 0xd4, 0x1d, 0x45, 0xa8,
  0xea, 0xec, 0x22, 0xb0, 0x99, 0x0c, 0xbd, 0x18, 0xa9, 0x85, 0x73, 0x19,
  0x8b, 0x50, 0x49, 0xcd, 0x20, 0x44, 0x2c, 0xb4, 0xc5, 0x4a, 0xb4, 0x32,
  0x60, 0x29, 0xc2, 0xba, 0x62, 0x66, 0x23, 0xb7, 0x15, 0x51, 0x8f, 0x35,
  0x94, 0xb7, 0x29, 0x0c, 0x34, 0xd2, 0x69, 0x16, 0x32, 0x8a, 0xa1, 0x8e,
  0xa0, 0xd4, 0x81, 0x13, 0x54, 0x2c, 0x2a, 0xd0, 0xc1, 0x12, 0xae, 0x43,
  0x15, 0x59, 0x12, 0x2f, 0x47, 0x1d, 0x5b, 0x8a, 0x2a, 0xa3, 0x09, 0x12,
  0xed, 0xc5, 0x56, 0x9d, 0xa9, 0xb2, 0x51, 0x95, 0x73, 0x25, 0x67, 0xc9,
  0x52, 0x8e, 0x94, 0x57, 0x34, 0x94, 0xcb, 0x1c, 0x05, 0x4a, 0xa2, 0xa5,
  0x8c, 0x99, 0x45, 0x4a, 0xb5, 0x90, 0x89, 0x05, 0x2d, 0x20, 0x0a, 0x28,
  0x10, 0x52, 0x53, 0x01, 0x69, 0x71, 0x40, 0x0a, 0x05, 0x4a, 0xa2, 0x82,
  0x59, 0x30, 0xe2, 0x90, 0xb5, 0x51, 0x99, 0x19, 0x34, 0xc2, 0x6a, 0x4a,
  0x01, 0x4e, 0xc5, 0x34, 0x0c, 0x31, 0x4b, 0x8a, 0xa1, 0x05, 0x34, 0xd3,
  0x10, 0x52, 0x56, 0x65, 0x8b, 0x4f, 0x14, 0xc4, 0x2d, 0x25, 0x20, 0x1d,
  0x45, 0x20, 0x1d, 0x4b, 0x40, 0xc4, 0xa2, 0x80, 0x12, 0x9b, 0x48, 0x62,
  0x52, 0x52, 0x18, 0x94, 0xe5, 0xa4, 0x05, 0x94, 0x15, 0x3a, 0xd5, 0x10,
  0xc9, 0x56, 0xa4, 0x14, 0xc8, 0x25, 0x5a, 0x90, 0x0a, 0x64, 0x8f, 0xdb,
  0x4c, 0x75, 0xa4, 0x05, 0x76, 0x14, 0xca, 0x45, 0x85, 0x46, 0xd4, 0x30,
  0x22, 0x7a, 0x85, 0xaa, 0x4d, 0x08, 0xcd, 0x36, 0x91, 0x41, 0x45, 0x00,
  0x14, 0x52, 0x18, 0x52, 0xd0, 0x21, 0x69, 0x68, 0x01, 0x68, 0xa4, 0x20,
  0xa6, 0xd3, 0x01, 0x28, 0xaa, 0x42, 0x0a, 0x5a, 0xd0, 0x43, 0xa9, 0x6a,
  0xd0, 0x87, 0x53, 0x85, 0x68, 0x21, 0xe2, 0x96, 0x81, 0x0b, 0x45, 0x20,
  0x0a, 0x29, 0x80, 0x51, 0x48, 0x02, 0x92, 0x98, 0x05, 0x14, 0x80, 0x28,
  0xa0, 0x41, 0x4b, 0x40, 0x19, 0x57, 0x13, 0xe2, 0xb2, 0x6e, 0x26, 0xdc,
  0x6b, 0x46, 0x74, 0x53, 0x45, 0x7d, 0xd5, 0x34, 0x55, 0x26, 0xac, 0xbd,
  0x08, 0xad, 0x18, 0x16, 0xb0, 0x99, 0x8c, 0x8b, 0x8b, 0x4f, 0xac, 0x08,
  0x1a, 0xc6, 0xa1, 0xa4, 0x50, 0x52, 0xe2, 0xaa, 0x24, 0xb0, 0xa4, 0xae,
  0xa4, 0x41, 0x0c, 0x8d, 0x55, 0x98, 0xd6, 0x45, 0xa1, 0xa4, 0xd3, 0x33,
  0x4c, 0xa1, 0xb4, 0xe1, 0x4c, 0x63, 0xa9, 0x6a, 0x40, 0x61, 0xa8, 0xf6,
  0xd3, 0x43, 0x2c, 0x43, 0x0e, 0x6b, 0x4a, 0x1b, 0x7e, 0x2a, 0xae, 0x63,
  0x22, 0xdc, 0x70, 0x54, 0xc1, 0x71, 0x5a, 0xa3, 0x06, 0x41, 0x70, 0xfb,
  0x45, 0x66, 0x5c, 0x4b, 0x50, 0xcd, 0x22, 0x67, 0x4a, 0x6a, 0xb4, 0x95,
  0x46, 0xe5, 0x73, 0x4a, 0xb4, 0x8a, 0x25, 0x02, 0xa5, 0x51, 0x49, 0x81,
  0x22, 0x8a, 0x94, 0x0a, 0xc8, 0x07, 0xd1, 0x48, 0x41, 0x45, 0x30, 0x0a,
  0x5a, 0x00, 0x70, 0xa5, 0xa4, 0x21, 0xc0, 0x54, 0x82, 0x82, 0x58, 0xa4,
  0xd3, 0x0d, 0x50, 0x86, 0x51, 0x52, 0x50, 0xf5, 0x14, 0xec, 0x53, 0x44,
  0x30, 0xa2, 0xac, 0x43, 0x09, 0xa6, 0x66, 0x86, 0x34, 0x19, 0xa5, 0xa8,
  0x28, 0x75, 0x3a, 0x98, 0x85, 0xa2, 0x90, 0x0b, 0x4b, 0x48, 0x07, 0x51,
  0x40, 0x05, 0x25, 0x00, 0x34, 0xd3, 0x69, 0x14, 0x25, 0x25, 0x21, 0x85,
  0x3d, 0x29, 0x01, 0x65, 0x6a, 0x55, 0xaa, 0x20, 0x90, 0x1a, 0x78, 0x34,
  0xc9, 0x25, 0x56, 0xa9, 0x95, 0xa9, 0x92, 0x49, 0xbe, 0xa2, 0x77, 0xa4,
  0x22, 0x06, 0x6a, 0x65, 0x05, 0x8d, 0x26, 0x98, 0xc6, 0x90, 0xc8, 0x18,
  0xd4, 0x66, 0xa4, 0xb1, 0xb4, 0x94, 0x86, 0x25, 0x14, 0x0c, 0x28, 0xa4,
  0x02, 0xd1, 0x40, 0x0b, 0x4b, 0x40, 0x0b, 0x45, 0x02, 0x0a, 0x6d, 0x00,
  0x25, 0x15, 0x68, 0x02, 0x9d, 0x56, 0x48, 0xb4, 0xea, 0xd1, 0x08, 0x51,
  0x4f, 0x15, 0x62, 0x1d, 0x4e, 0xa0, 0x41, 0x45, 0x00, 0x14, 0x52, 0x00,
  0xa2, 0x98, 0x05, 0x14, 0x84, 0x14, 0x94, 0x0c, 0x29, 0x68, 0x10, 0x52,
  0x50, 0x07, 0x2b, 0x34, 0xfb, 0x8d, 0x40, 0x4d, 0x6a, 0x8e, 0xcb, 0x0c,
  0xef, 0x56, 0x61, 0x15, 0x90, 0xd9, 0xa3, 0x02, 0xd6, 0x8c, 0x22, 0xb0,
  0x91, 0x8b, 0x2c, 0x8a, 0x52, 0x6b, 0x22, 0x08, 0x58, 0xd3, 0x69, 0x14,
  0x2d, 0x3e, 0xad, 0x09, 0x88, 0x69, 0x86, 0xba, 0x7a, 0x19, 0x95, 0x64,
  0x3c, 0xd4, 0x0d, 0x59, 0x23, 0x44, 0x46, 0x69, 0x2a, 0x8a, 0x0a, 0x70,
  0xa0, 0x07, 0x53, 0xaa, 0x40, 0x6e, 0x2a, 0x78, 0x61, 0xdd, 0x40, 0x1a,
  0x76, 0xf0, 0x01, 0x57, 0x52, 0x3a, 0xd2, 0x27, 0x2c, 0x99, 0x3e, 0x30,
  0x2a, 0x29, 0x4e, 0x05, 0x68, 0x66, 0x65, 0xdd, 0x3d, 0x65, 0xc8, 0xd9,
  0x35, 0x99, 0xd5, 0x12, 0xbb, 0xd5, 0x69, 0x2a, 0xcb, 0x22, 0xa7, 0x0a,
  0x45, 0x12, 0xad, 0x4e, 0xa2, 0x90, 0x12, 0x01, 0x52, 0x62, 0xb2, 0x60,
  0x14, 0xb4, 0x84, 0x25, 0x14, 0xc0, 0x29, 0x68, 0x01, 0xd4, 0xea, 0x42,
  0x14, 0x1a, 0x7e, 0x68, 0x24, 0x42, 0x69, 0x28, 0x01, 0x29, 0x56, 0x90,
  0xc9, 0x28, 0xab, 0x44, 0x05, 0x31, 0x8d, 0x58, 0x88, 0x98, 0xd3, 0x6a,
  0x4b, 0x42, 0x8a, 0x7d, 0x20, 0x1d, 0x4e, 0xa0, 0x42, 0xd2, 0x8a, 0x40,
  0x2d, 0x28, 0xa4, 0x02, 0xd1, 0x40, 0x05, 0x14, 0x00, 0xd3, 0x4c, 0xa4,
  0x50, 0x52, 0x52, 0x18, 0x54, 0x91, 0x8a, 0x40, 0x59, 0x5a, 0x90, 0x55,
  0x10, 0x38, 0x53, 0x85, 0x32, 0x49, 0x56, 0xa4, 0x14, 0x12, 0x2b, 0x35,
  0x42, 0xcd, 0x40, 0xc8, 0xc9, 0xa6, 0xe6, 0x81, 0x86, 0x6a, 0x26, 0x35,
  0x25, 0x10, 0x9a, 0x6d, 0x49, 0x62, 0x52, 0x50, 0x31, 0x28, 0xa0, 0x02,
  0x8a, 0x40, 0x2d, 0x2d, 0x00, 0x14, 0xb4, 0x80, 0x5a, 0x29, 0x80, 0x53,
  0x68, 0x10, 0x94, 0x55, 0xa1, 0x0b, 0x4b, 0x56, 0x21, 0x69, 0xd5, 0xa2,
  0x10, 0xea, 0x78, 0xab, 0x10, 0xea, 0x5a, 0x04, 0x14, 0x52, 0x00, 0xa2,
  0x80, 0x0a, 0x28, 0x10, 0x51, 0x40, 0xc2, 0x8a, 0x04, 0x14, 0x50, 0x01,
  0x45, 0x00, 0x71, 0x59, 0xa0, 0x9a, 0x67, 0x78, 0x27, 0x5a, 0xbb, 0x08,
  0xa4, 0x4c, 0x8d, 0x2b, 0x75, 0xab, 0xe8, 0x38, 0xae, 0x79, 0x18, 0x32,
  0x51, 0x4d, 0x63, 0x59, 0x88, 0x8e, 0x8a, 0x06, 0x38, 0x75, 0xa9, 0x71,
  0x4e, 0x24, 0xb1, 0x8d, 0x50, 0xb5, 0x6f, 0xd0, 0x92, 0xab, 0xf5, 0xa8,
  0xcd, 0x41, 0xa1, 0x11, 0xa4, 0xab, 0x18, 0x94, 0xe1, 0x40, 0x0e, 0x06,
  0x9d, 0x52, 0x32, 0x48, 0xd7, 0x26, 0xb4, 0xad, 0xe3, 0xa0, 0xce, 0x45,
  0xe8, 0xd6, 0xac, 0x2d, 0x74, 0x23, 0x95, 0x8e, 0xeb, 0x4c, 0x98, 0x7c,
  0xb5, 0x20, 0x63, 0xde, 0x46, 0x6b, 0x2a, 0x45, 0x22, 0x91, 0xd3, 0x12,
  0xb3, 0x9a, 0x81, 0x8d, 0x51, 0xa2, 0x19, 0x4f, 0x51, 0x48, 0x64, 0xca,
  0x2a, 0x65, 0xac, 0xc0, 0x95, 0x69, 0xd5, 0x00, 0x14, 0x50, 0x21, 0x28,
  0xa6, 0x02, 0x50, 0x28, 0x01, 0xd4, 0x66, 0x81, 0x0e, 0xa5, 0x06, 0x90,
  0x85, 0xcd, 0x14, 0x00, 0x54, 0x8b, 0x48, 0x07, 0x52, 0x55, 0x90, 0x34,
  0xb5, 0x44, 0x5a, 0xa8, 0x68, 0x61, 0x34, 0xa2, 0x91, 0x43, 0xe9, 0x69,
  0x08, 0x70, 0xa7, 0x50, 0x21, 0x69, 0xd4, 0x80, 0x5a, 0x5a, 0x40, 0x14,
  0xb4, 0x0c, 0x28, 0xa0, 0x43, 0x4d, 0x36, 0x90, 0xc2, 0x9a, 0x69, 0x14,
  0x20, 0xa9, 0xd0, 0x50, 0x05, 0x85, 0x14, 0xfc, 0x55, 0x19, 0x8b, 0x4e,
  0x14, 0x08, 0x90, 0x53, 0xf3, 0x4c, 0x43, 0x58, 0xd4, 0x44, 0xd2, 0x18,
  0xcc, 0xd2, 0x66, 0x91, 0x43, 0x4d, 0x46, 0xd5, 0x23, 0x23, 0x34, 0xda,
  0x43, 0x12, 0x92, 0x81, 0x85, 0x14, 0x0c, 0x5a, 0x29, 0x00, 0x52, 0xd0,
  0x02, 0xd1, 0x48, 0x05, 0xa2, 0x80, 0x0a, 0x6d, 0x31, 0x09, 0x45, 0x5a,
  0x10, 0xb4, 0xb5, 0x62, 0x16, 0x9d, 0x5a, 0x21, 0x0e, 0x14, 0xf1, 0x56,
  0x48, 0xea, 0x5a, 0x40, 0x14, 0x50, 0x20, 0xa2, 0x81, 0x85, 0x14, 0x00,
  0x51, 0x40, 0x05, 0x14, 0x08, 0x5a, 0x28, 0x00, 0xa2, 0x80, 0x38, 0x63,
  0x45, 0x51, 0xe8, 0x13, 0x44, 0x2a, 0xfc, 0x0b, 0x52, 0xcc, 0xa4, 0x69,
  0xc0, 0xb5, 0x6d, 0x6b, 0x99, 0x98, 0xb1, 0xf5, 0x13, 0x54, 0x00, 0x94,
  0x50, 0x32, 0x54, 0x15, 0x2d, 0x38, 0x92, 0xc6, 0x30, 0xaa, 0xd2, 0xd6,
  0x92, 0x11, 0x51, 0xe9, 0x86, 0x82, 0xc8, 0xcd, 0x36, 0xa8, 0x62, 0x52,
  0xe6, 0x81, 0x8a, 0x2a, 0x64, 0x14, 0x80, 0xb7, 0x12, 0xe2, 0xaf, 0xc1,
  0xd2, 0xae, 0x28, 0xe7, 0x99, 0x6d, 0x78, 0xa7, 0x83, 0x5b, 0x18, 0x12,
  0x67, 0x02, 0xa0, 0x91, 0xf3, 0x59, 0x94, 0x55, 0x90, 0x6f, 0xaa, 0xb3,
  0xda, 0xe0, 0x56, 0xdd, 0x0a, 0x46, 0x1d, 0xda, 0x6d, 0x6a, 0xa9, 0x59,
  0x9d, 0x48, 0x70, 0x14, 0xf5, 0x15, 0x23, 0x26, 0x02, 0xa5, 0x51, 0x59,
  0x81, 0x20, 0xa7, 0x54, 0x88, 0x4a, 0x29, 0x80, 0x94, 0x94, 0xc0, 0x4a,
  0x5a, 0x00, 0x28, 0xa4, 0x02, 0xd2, 0xd0, 0x21, 0xd4, 0xb4, 0x80, 0x05,
  0x48, 0x28, 0x24, 0x33, 0x4d, 0x2d, 0x56, 0x22, 0x36, 0x6a, 0x8c, 0x9a,
  0x0a, 0x12, 0xa4, 0x14, 0x0c, 0x75, 0x3a, 0x82, 0x47, 0x53, 0xa9, 0x08,
  0x5a, 0x7d, 0x20, 0x0a, 0x5a, 0x40, 0x2d, 0x14, 0x00, 0xb8, 0xa5, 0xc5,
  0x00, 0x30, 0x8a, 0x4c, 0x52, 0x18, 0xd3, 0x4c, 0xa4, 0x50, 0xe5, 0xab,
  0x11, 0xd0, 0x22, 0xc2, 0x8a, 0x90, 0x2d, 0x51, 0x98, 0xed, 0xb4, 0xbb,
  0x68, 0x10, 0xec, 0x51, 0x40, 0x11, 0x35, 0x30, 0xd2, 0x28, 0x8c, 0x9a,
  0x4c, 0xd2, 0x18, 0xd2, 0x6a, 0x33, 0x52, 0x50, 0xda, 0x4a, 0x06, 0x25,
  0x14, 0x80, 0x28, 0xa0, 0x61, 0x4b, 0x40, 0x05, 0x14, 0x00, 0xb4, 0xb4,
  0x80, 0x28, 0xa0, 0x00, 0xd3, 0x69, 0x88, 0x4a, 0x2a, 0xd0, 0x85, 0xa5,
  0xab, 0x24, 0x75, 0x38, 0x56, 0xa8, 0x43, 0x85, 0x38, 0x55, 0x08, 0x7d,
  0x14, 0x80, 0x29, 0x68, 0x00, 0xa4, 0xa0, 0x02, 0x96, 0x80, 0x0a, 0x28,
  0x00, 0xa2, 0x80, 0x0a, 0x28, 0x00, 0xa2, 0x81, 0x1c, 0x35, 0x28, 0xab,
  0x3b, 0x8b, 0x30, 0x8a, 0xd1, 0xb7, 0x5a, 0xce, 0x44, 0x48, 0xd2, 0x88,
  0x55, 0x81, 0x5c, 0xcc, 0xc4, 0x46, 0xa8, 0xea, 0x40, 0x29, 0x45, 0x03,
  0x25, 0x5a, 0x90, 0x50, 0x89, 0x62, 0x31, 0xaa, 0x33, 0xb5, 0x5b, 0x04,
  0x54, 0x66, 0xa6, 0x16, 0xaa, 0x2c, 0x61, 0x6a, 0x66, 0xea, 0xa1, 0x89,
  0x9a, 0x51, 0x40, 0xc9, 0x50, 0x55, 0xb8, 0xd6, 0x91, 0x12, 0x2c, 0xa0,
  0xab, 0x51, 0x9c, 0x56, 0xc8, 0xe7, 0x63, 0xfc, 0xda, 0x96, 0x36, 0xa2,
  0x44, 0x8e, 0x79, 0x33, 0x4c, 0xa7, 0x10, 0x15, 0x17, 0xb9, 0xaa, 0xd7,
  0xb2, 0x00, 0x2a, 0x98, 0x2d, 0xce, 0x76, 0xed, 0xf7, 0x35, 0x55, 0x15,
  0x07, 0x62, 0x1e, 0x05, 0x48, 0xa2, 0xa0, 0x09, 0x54, 0x54, 0xa0, 0x54,
  0x00, 0xfa, 0x29, 0x08, 0x28, 0xa6, 0x21, 0xb4, 0xda, 0x63, 0x12, 0x96,
  0x80, 0x0a, 0x4a, 0x60, 0x3a, 0x96, 0x90, 0x87, 0x51, 0x48, 0x05, 0xcd,
  0x3b, 0x34, 0x12, 0x34, 0xb5, 0x30, 0xb5, 0x50, 0xc6, 0x13, 0x4c, 0xa6,
  0x31, 0xc2, 0xa5, 0x14, 0x08, 0x70, 0xa7, 0x50, 0x48, 0xea, 0x75, 0x20,
  0x1e, 0x29, 0x6a, 0x00, 0x5a, 0x75, 0x00, 0x14, 0xb4, 0x00, 0xb4, 0xb4,
  0x00, 0x94, 0x98, 0xa0, 0x08, 0xd8, 0x54, 0x75, 0x25, 0x0e, 0x4a, 0xb3,
  0x1d, 0x00, 0xc9, 0xd2, 0xa5, 0x15, 0x66, 0x63, 0xe9, 0xd4, 0x12, 0x14,
  0x8d, 0x40, 0x10, 0x35, 0x44, 0xd5, 0x05, 0x91, 0xe6, 0x93, 0x34, 0x8a,
  0x1b, 0x4d, 0xa4, 0x31, 0x29, 0x28, 0x18, 0x94, 0x52, 0x18, 0x51, 0x40,
  0x0b, 0x45, 0x00, 0x14, 0xb4, 0x80, 0x29, 0x68, 0x00, 0xa5, 0xa0, 0x04,
  0x34, 0xda, 0x62, 0x12, 0x96, 0xad, 0x08, 0x29, 0xd5, 0xa0, 0x87, 0x0a,
  0x5a, 0xd1, 0x12, 0x38, 0x53, 0xc5, 0x50, 0x87, 0x52, 0xd2, 0x10, 0x51,
  0x40, 0xc2, 0x8a, 0x00, 0x28, 0xa0, 0x41, 0x45, 0x03, 0x0a, 0x28, 0x00,
  0xa2, 0x81, 0x05, 0x14, 0x01, 0xc4, 0x62, 0x9c, 0xab, 0x5a, 0x1d, 0x85,
  0xc8, 0x45, 0x68, 0xdb, 0xad, 0x63, 0x32, 0x24, 0x5f, 0x8e, 0xa5, 0xae,
  0x66, 0x64, 0x31, 0xa9, 0xb4, 0x0c, 0x29, 0xc2, 0x90, 0x12, 0x0a, 0x5d,
  0xd4, 0xd0, 0x88, 0x65, 0x7a, 0xa1, 0x2b, 0xd5, 0x14, 0x8a, 0xec, 0xf5,
  0x11, 0x7a, 0xd4, 0xa1, 0x84, 0xd0, 0x29, 0x8c, 0x70, 0xa9, 0x54, 0x54,
  0x81, 0x62, 0x35, 0xab, 0x29, 0x4d, 0x19, 0x48, 0x94, 0x1c, 0x54, 0xa1,
  0xab, 0x63, 0x11, 0xeb, 0xcd, 0x59, 0x4e, 0x95, 0x9b, 0x01, 0xd8, 0xa5,
  0x02, 0xb6, 0x44, 0x0c, 0x9e, 0x4d, 0x82, 0xb1, 0x6f, 0x6e, 0x33, 0x51,
  0x23, 0x5a, 0x68, 0xca, 0x7e, 0x4d, 0x34, 0x0a, 0x47, 0x49, 0x22, 0xd4,
  0xa0, 0x56, 0x6c, 0x09, 0x54, 0x54, 0x82, 0xa0, 0x42, 0xd1, 0x40, 0x82,
  0x92, 0x98, 0x86, 0x9a, 0x65, 0x50, 0xc4, 0xa2, 0x80, 0x0a, 0x29, 0x80,
  0xe1, 0x4b, 0x52, 0x21, 0x69, 0x68, 0x00, 0xa3, 0x34, 0x00, 0xc2, 0x69,
  0xb9, 0xa6, 0x02, 0x52, 0x53, 0x01, 0xeb, 0x4f, 0xa6, 0x21, 0xe2, 0x9e,
  0x28, 0x24, 0x76, 0x29, 0xe2, 0xa0, 0x07, 0x52, 0xd4, 0x80, 0xb4, 0xea,
  0x43, 0x16, 0x96, 0x98, 0x85, 0xa2, 0x81, 0x09, 0x49, 0x40, 0xc8, 0xda,
  0xa2, 0xa9, 0x28, 0x91, 0x6a, 0x74, 0xa0, 0x44, 0xea, 0x6a, 0x41, 0x54,
  0x40, 0xfa, 0x5a, 0x64, 0x86, 0x69, 0x8c, 0xd4, 0x86, 0x44, 0xcd, 0x51,
  0x31, 0xa9, 0x65, 0x91, 0xd2, 0x52, 0x28, 0x4a, 0x4a, 0x40, 0x25, 0x25,
  0x03, 0x0a, 0x4a, 0x43, 0x16, 0x8a, 0x00, 0x29, 0x68, 0x00, 0xa2, 0x80,
  0x16, 0x8a, 0x40, 0x2d, 0x14, 0x00, 0x94, 0xda, 0x62, 0x12, 0x96, 0xad,
  0x08, 0x51, 0x4e, 0xad, 0x04, 0x2d, 0x3a, 0xb4, 0x44, 0x8e, 0xa7, 0x0a,
  0xa1, 0x0e, 0xa5, 0xa4, 0x20, 0xa2, 0x81, 0x85, 0x14, 0x00, 0x51, 0x4c,
  0x41, 0x45, 0x20, 0x0a, 0x28, 0x01, 0x68, 0xa0, 0x04, 0xa5, 0xa0, 0x0e,
  0x24, 0x54, 0x8a, 0x2b, 0x73, 0xac, 0xb9, 0x00, 0xad, 0x18, 0x45, 0x72,
  0x48, 0x89, 0x17, 0x52, 0x9c, 0x6b, 0x03, 0x31, 0x86, 0x9b, 0x4c, 0xa1,
  0x69, 0xe2, 0xa4, 0x05, 0xcd, 0x31, 0x9a, 0xa8, 0x92, 0xa4, 0xd2, 0x55,
  0x39, 0x1a, 0xad, 0x1a, 0x10, 0x13, 0x4d, 0xad, 0x00, 0x50, 0x2a, 0x40,
  0xb4, 0x80, 0x70, 0x5a, 0x9e, 0x34, 0xa9, 0x02, 0xc0, 0x14, 0xf1, 0x5a,
  0x23, 0x16, 0x3e, 0x9c, 0x0d, 0x68, 0x41, 0x61, 0x2a, 0xc4, 0x75, 0x11,
  0x13, 0x25, 0xa6, 0x33, 0xed, 0x15, 0xa9, 0x06, 0x75, 0xe4, 0xd5, 0x91,
  0x23, 0x64, 0xd6, 0x47, 0x4c, 0x08, 0x08, 0xa3, 0x14, 0x8d, 0x49, 0x54,
  0x54, 0x80, 0x54, 0x31, 0x92, 0x8a, 0x75, 0x41, 0x22, 0xd1, 0x4c, 0x91,
  0x29, 0x29, 0x80, 0xd3, 0x4d, 0xaa, 0x18, 0x94, 0xd3, 0x4c, 0x04, 0xa5,
  0xa6, 0x03, 0x85, 0x3a, 0xa4, 0x07, 0x51, 0x48, 0x42, 0x53, 0x09, 0xa6,
  0x03, 0x68, 0xaa, 0x00, 0xa5, 0x02, 0x80, 0x25, 0x51, 0x4e, 0xc5, 0x22,
  0x07, 0x01, 0x52, 0x01, 0x40, 0x87, 0x01, 0x4f, 0xa9, 0x00, 0xa5, 0xa8,
  0x18, 0xb4, 0xb4, 0xc0, 0x5a, 0x5a, 0x00, 0x5a, 0x43, 0x40, 0x09, 0x49,
  0x9a, 0x40, 0x46, 0xc6, 0x99, 0x52, 0x50, 0xe1, 0x52, 0xa9, 0xa6, 0x22,
  0x65, 0x6a, 0x90, 0x35, 0x51, 0x23, 0xc3, 0x52, 0xee, 0xa6, 0x48, 0x85,
  0xaa, 0x32, 0xd5, 0x2c, 0x64, 0x64, 0xd3, 0x09, 0xa9, 0x2c, 0x6d, 0x25,
  0x21, 0x85, 0x25, 0x00, 0x25, 0x14, 0x0c, 0x4a, 0x29, 0x00, 0x51, 0x40,
  0x05, 0x2d, 0x21, 0x85, 0x2d, 0x00, 0x14, 0xb4, 0x80, 0x28, 0xa6, 0x21,
  0x29, 0xb4, 0xc0, 0x28, 0xad, 0x04, 0x2d, 0x3e, 0xac, 0x91, 0x69, 0xc2,
  0xb4, 0x10, 0xe1, 0x4e, 0xa6, 0x21, 0xd4, 0xb4, 0x08, 0x4a, 0x5a, 0x06,
  0x14, 0x50, 0x01, 0x45, 0x02, 0x0a, 0x28, 0x00, 0xa2, 0x80, 0x0a, 0x28,
  0x00, 0xa4, 0xa0, 0x0e, 0x28, 0x54, 0xa9, 0x5a, 0xb3, 0xb4, 0xbd, 0x05,
  0x68, 0xc3, 0x5c, 0xd2, 0x32, 0x91, 0x69, 0x68, 0x35, 0x81, 0x98, 0xcc,
  0xd2, 0x53, 0x28, 0x5a, 0x5c, 0xd0, 0x21, 0x0b, 0x54, 0x12, 0x3d, 0x31,
  0x95, 0x1d, 0xaa, 0x06, 0xad, 0x11, 0x43, 0x29, 0x71, 0x54, 0x03, 0xd4,
  0x54, 0x80, 0x54, 0x81, 0x22, 0x25, 0x58, 0x0b, 0x48, 0x96, 0x3e, 0x8a,
  0xd5, 0x19, 0x06, 0x71, 0x4c, 0x32, 0xe2, 0x98, 0x89, 0x62, 0x9f, 0x26,
  0xaf, 0x44, 0xe2, 0xa9, 0x12, 0xc9, 0x5a, 0x50, 0x05, 0x56, 0x96, 0x6e,
  0x29, 0xb1, 0x23, 0x26, 0xe2, 0x4d, 0xc6, 0xab, 0x9a, 0xcc, 0xea, 0x42,
  0x62, 0x8c, 0x54, 0x94, 0x3c, 0x0a, 0x91, 0x45, 0x40, 0xc9, 0xd6, 0x3a,
  0x76, 0xca, 0x92, 0x18, 0x9b, 0x69, 0x31, 0x4c, 0x91, 0x29, 0x86, 0x98,
  0x0d, 0x34, 0x62, 0x98, 0xc4, 0x22, 0x9a, 0x45, 0x30, 0x13, 0x14, 0xe0,
  0xb4, 0xc0, 0x78, 0x5a, 0x76, 0xda, 0x42, 0x17, 0x14, 0xd3, 0x48, 0x43,
  0x0d, 0x46, 0x6a, 0x86, 0x25, 0x2d, 0x31, 0x85, 0x48, 0xb4, 0x98, 0x89,
  0x40, 0xa7, 0x01, 0x4c, 0x82, 0x40, 0x2a, 0x4c, 0x54, 0x88, 0x5c, 0x51,
  0x48, 0x61, 0x4b, 0x52, 0x31, 0xd4, 0xa2, 0x80, 0x17, 0x14, 0xb8, 0xa0,
  0x42, 0x53, 0x4d, 0x03, 0x1b, 0x48, 0x6a, 0x46, 0x44, 0x69, 0x29, 0x14,
  0x38, 0x53, 0xc5, 0x02, 0x24, 0x06, 0x9e, 0x1a, 0x98, 0x87, 0x6e, 0xa7,
  0x6f, 0xa6, 0x48, 0x85, 0xea, 0x32, 0x6a, 0x46, 0x36, 0x92, 0x90, 0xc4,
  0xa2, 0x81, 0x85, 0x25, 0x00, 0x14, 0x94, 0x86, 0x14, 0x50, 0x02, 0x52,
  0xd0, 0x01, 0x45, 0x21, 0x8b, 0x45, 0x00, 0x14, 0xb4, 0x08, 0x28, 0xa4,
  0x31, 0x29, 0xb5, 0x42, 0x0a, 0x5a, 0xb4, 0x21, 0x69, 0xd5, 0xa2, 0x24,
  0x75, 0x2d, 0x68, 0x84, 0x3c, 0x53, 0x85, 0x50, 0x87, 0x51, 0x48, 0x41,
  0x45, 0x03, 0x0a, 0x4a, 0x00, 0x5a, 0x28, 0x00, 0xa2, 0x81, 0x05, 0x14,
  0x00, 0x51, 0x40, 0x05, 0x25, 0x00, 0x71, 0x80, 0x55, 0x98, 0xe3, 0xad,
  0x19, 0xda, 0xcb, 0x90, 0xad, 0x5e, 0x8a, 0xb9, 0xe4, 0x62, 0xcb, 0x02,
  0x90, 0xd6, 0x24, 0x8c, 0xcd, 0x26, 0x69, 0x8c, 0x33, 0x48, 0x5a, 0x81,
  0x11, 0xb3, 0xd5, 0x67, 0x7c, 0xd3, 0x45, 0xa2, 0x22, 0x69, 0x95, 0xa0,
  0x09, 0x4f, 0x02, 0x80, 0x24, 0x0b, 0x52, 0xaa, 0xd4, 0x88, 0xb0, 0x89,
  0x4f, 0xc5, 0x08, 0xcd, 0x81, 0xa6, 0x56, 0xc8, 0x82, 0x37, 0x6a, 0xa8,
  0xef, 0x4c, 0xb4, 0x0a, 0xf8, 0xab, 0x51, 0x5d, 0xe2, 0x98, 0x34, 0x4f,
  0xf6, 0x8c, 0xd4, 0x13, 0x4f, 0x9a, 0x99, 0x09, 0x22, 0xaf, 0x5a, 0x29,
  0x1a, 0x8b, 0x8a, 0x5c, 0x54, 0x14, 0x38, 0x0a, 0xb1, 0x0a, 0x66, 0xb3,
  0x63, 0x2f, 0xc7, 0x0f, 0x14, 0xe3, 0x6f, 0x4d, 0x18, 0x36, 0x44, 0xd0,
  0x54, 0x2d, 0x1d, 0x30, 0x22, 0x2b, 0x4c, 0x2b, 0x40, 0xc4, 0xd9, 0x46,
  0xda, 0x63, 0x10, 0x8a, 0x6e, 0x29, 0x80, 0xe5, 0x4a, 0x99, 0x61, 0xa0,
  0x43, 0xfc, 0x9a, 0x3c, 0xba, 0x09, 0x10, 0xa5, 0x46, 0x56, 0x80, 0x22,
  0x61, 0x51, 0x11, 0x54, 0x58, 0xdc, 0x51, 0x4c, 0x61, 0x53, 0x20, 0xa4,
  0x22, 0x5a, 0x91, 0x45, 0x23, 0x31, 0xe2, 0xa4, 0x14, 0x84, 0x3b, 0x14,
  0x6d, 0xa4, 0xc6, 0x1b, 0x69, 0x71, 0x48, 0x62, 0x62, 0x9d, 0x8a, 0x40,
  0x3b, 0x14, 0xb4, 0x00, 0x1a, 0x65, 0x00, 0x37, 0x14, 0xc6, 0xa4, 0xca,
  0x21, 0x34, 0x95, 0x25, 0x0e, 0xa7, 0x0a, 0x04, 0x3e, 0x96, 0x81, 0x0e,
  0xa2, 0x80, 0x0a, 0x4a, 0x40, 0x25, 0x25, 0x03, 0x16, 0x8a, 0x40, 0x25,
  0x14, 0x00, 0x94, 0x94, 0x0c, 0x28, 0xa0, 0x04, 0xa5, 0xa0, 0x02, 0x8a,
  0x43, 0x0a, 0x5a, 0x00, 0x29, 0x68, 0x10, 0x51, 0x48, 0x04, 0xa6, 0xd5,
  0x00, 0x52, 0xd6, 0x88, 0x43, 0xa9, 0x45, 0x68, 0x89, 0x1d, 0x4e, 0xad,
  0x04, 0x3a, 0x9f, 0x4c, 0x91, 0x68, 0xa4, 0x01, 0x45, 0x00, 0x14, 0x53,
  0x00, 0xa2, 0x90, 0x05, 0x14, 0x00, 0x51, 0x40, 0x05, 0x25, 0x00, 0x14,
  0x50, 0x07, 0x39, 0x6b, 0x69, 0xbe, 0xaf, 0xad, 0x8e, 0x2a, 0xd6, 0xa6,
  0xd3, 0x99, 0x27, 0x91, 0xb6, 0x94, 0x70, 0x6b, 0x3a, 0x88, 0x94, 0xee,
  0x4a, 0x0d, 0x21, 0xae, 0x72, 0x86, 0x1a, 0x6d, 0x20, 0x13, 0x35, 0x1b,
  0x3d, 0x50, 0x10, 0x3b, 0xd4, 0x59, 0xab, 0x28, 0x4a, 0x50, 0x29, 0x80,
  0xf1, 0x1d, 0x3c, 0x2d, 0x02, 0x1e, 0x05, 0x4f, 0x1a, 0xd4, 0x08, 0x98,
  0x51, 0x56, 0x8c, 0xd8, 0xc3, 0x51, 0xb5, 0x6a, 0x89, 0x2a, 0xcc, 0xf5,
  0x57, 0x75, 0x51, 0xa8, 0x6e, 0xa5, 0x0d, 0x4c, 0x64, 0x8b, 0x25, 0x2e,
  0x73, 0x59, 0x80, 0xb4, 0xe1, 0x52, 0x31, 0xd4, 0xb5, 0x03, 0x1c, 0x2a,
  0xe5, 0xb2, 0xd6, 0x6c, 0x19, 0xab, 0x02, 0x55, 0x9f, 0x26, 0xb5, 0x89,
  0xcb, 0x22, 0x27, 0xb7, 0xaa, 0xcf, 0x6f, 0x54, 0x09, 0x90, 0xb5, 0xbd,
  0x44, 0x60, 0xac, 0xcd, 0x2e, 0x27, 0x91, 0x4c, 0x68, 0x69, 0x81, 0x11,
  0x8e, 0x99, 0xb2, 0x98, 0xc9, 0x63, 0x5a, 0xb5, 0x1a, 0x50, 0x26, 0x4c,
  0x22, 0xa0, 0xc3, 0x4c, 0xce, 0xe4, 0x6d, 0x0d, 0x42, 0xd1, 0x53, 0x19,
  0x03, 0xc5, 0x51, 0x18, 0x69, 0x94, 0x46, 0xd1, 0x62, 0x99, 0xb6, 0x82,
  0xc0, 0x2d, 0x4e, 0xab, 0x48, 0x4c, 0x76, 0x29, 0xe0, 0x52, 0x24, 0x7d,
  0x3c, 0x50, 0x03, 0xf3, 0x4f, 0x15, 0x20, 0x3f, 0x14, 0x9b, 0x68, 0x10,
  0x81, 0x29, 0xe1, 0x2a, 0x46, 0x3b, 0x65, 0x26, 0xda, 0xa1, 0x0d, 0x2b,
  0x4c, 0xc5, 0x49, 0x43, 0x0d, 0x44, 0xd5, 0x25, 0x11, 0x1a, 0x29, 0x14,
  0x2d, 0x3a, 0x81, 0x0e, 0xa5, 0xa0, 0x05, 0xa5, 0xa4, 0x20, 0xa4, 0xa0,
  0x61, 0x45, 0x00, 0x14, 0x52, 0x01, 0x28, 0xa0, 0x04, 0xa2, 0x80, 0x12,
  0x8a, 0x06, 0x14, 0x52, 0x00, 0xa2, 0x81, 0x8b, 0x45, 0x00, 0x2d, 0x14,
  0x08, 0x5a, 0x4a, 0x00, 0x6d, 0x25, 0x31, 0x05, 0x3a, 0xb4, 0x40, 0x28,
  0xa7, 0x55, 0xa2, 0x47, 0x53, 0xab, 0x52, 0x47, 0x53, 0xc5, 0x31, 0x05,
  0x14, 0x80, 0x28, 0xa0, 0x02, 0x8a, 0x00, 0x28, 0xa0, 0x02, 0x8a, 0x00,
  0x28, 0xa0, 0x02, 0x8a, 0x00, 0x28, 0xa0, 0x0c, 0x8b, 0x33, 0xb4, 0x55,
  0xf5, 0x7c, 0xd6, 0xb0, 0xd0, 0x73, 0xdc, 0x47, 0x3c, 0x55, 0x5d, 0xdc,
  0xd6, 0x35, 0x35, 0x65, 0xc4, 0x90, 0x1a, 0x75, 0x73, 0x94, 0x34, 0xd3,
  0x0d, 0x30, 0x18, 0x6a, 0x07, 0x35, 0x60, 0x42, 0xd5, 0x1d, 0x51, 0x43,
  0x96, 0xac, 0xc4, 0xb9, 0xa4, 0xc4, 0x59, 0x58, 0xe8, 0x31, 0x50, 0x66,
  0x01, 0x2a, 0x55, 0x18, 0xa8, 0x18, 0xea, 0x69, 0xad, 0x11, 0x23, 0x0d,
  0x41, 0x2b, 0x62, 0xb4, 0x11, 0x42, 0x56, 0xc9, 0xa8, 0xab, 0x44, 0x6a,
  0x14, 0xe1, 0x40, 0x12, 0x0a, 0x90, 0x56, 0x6c, 0x07, 0x0a, 0x78, 0xac,
  0xc6, 0x3a, 0x9d, 0x50, 0x31, 0x45, 0x5c, 0xb7, 0xa8, 0x06, 0x6b, 0xdb,
  0x55, 0xf4, 0xe6, 0xb5, 0x47, 0x1c, 0xc5, 0x31, 0xd4, 0x4f, 0x15, 0x59,
  0x08, 0x85, 0xa1, 0xa8, 0x8c, 0x15, 0x99, 0xa0, 0xd3, 0x05, 0x46, 0xd0,
  0x55, 0x0c, 0x81, 0xed, 0xea, 0x06, 0x86, 0x82, 0x93, 0x1a, 0x17, 0x15,
  0x3c, 0x66, 0xa4, 0x65, 0x94, 0x6a, 0x97, 0x83, 0x54, 0x8c, 0xd8, 0x85,
  0x45, 0x44, 0xf1, 0xd3, 0x11, 0x17, 0x93, 0x47, 0xd9, 0xa8, 0x45, 0x5c,
  0x8a, 0x4b, 0x6a, 0xae, 0xd6, 0xf4, 0xc6, 0x98, 0xcf, 0x27, 0x14, 0xa5,
  0x6a, 0x4a, 0x00, 0x29, 0xe0, 0x53, 0x01, 0xd8, 0xa5, 0xc5, 0x48, 0x00,
  0x15, 0x2a, 0xd4, 0x80, 0xfc, 0xd2, 0xe6, 0x80, 0x1e, 0xa2, 0xa5, 0x0b,
  0x41, 0x2c, 0x5d, 0x94, 0x9b, 0x29, 0x88, 0x69, 0x5a, 0x8c, 0xad, 0x21,
  0x8d, 0x65, 0xaa, 0xf2, 0x0a, 0x96, 0x68, 0x8a, 0xe6, 0x92, 0xa4, 0xb1,
  0xd4, 0xea, 0x04, 0x2d, 0x2d, 0x00, 0x2d, 0x14, 0x80, 0x28, 0xa0, 0x02,
  0x8a, 0x00, 0x28, 0xa4, 0x02, 0x51, 0x40, 0xc2, 0x92, 0x80, 0x0a, 0x4a,
  0x00, 0x28, 0xa4, 0x01, 0x4b, 0x40, 0x05, 0x2d, 0x21, 0x85, 0x14, 0x08,
  0x5a, 0x4a, 0x60, 0x36, 0x92, 0x98, 0x05, 0x3a, 0xb4, 0x42, 0x1c, 0x29,
  0xd5, 0xa2, 0x24, 0x70, 0xa7, 0x56, 0x84, 0x8e, 0xa7, 0x53, 0x10, 0xb4,
  0x52, 0x00, 0xa2, 0x80, 0x12, 0x8a, 0x00, 0x28, 0xa0, 0x02, 0x8a, 0x00,
  0x28, 0xa0, 0x02, 0x8a, 0x00, 0x28, 0xa0, 0x0a, 0x50, 0xdb, 0x62, 0xa6,
  0x64, 0xd8, 0x2b, 0x5e, 0x82, 0xbd, 0xca, 0x93, 0x49, 0x50, 0x06, 0xe6,
  0xb1, 0x66, 0xe8, 0x99, 0x4d, 0x4b, 0x58, 0x80, 0xd3, 0x51, 0x9a, 0x04,
  0x31, 0xaa, 0x23, 0x56, 0x32, 0x26, 0x14, 0xcc, 0x53, 0x18, 0xf4, 0x5a,
  0xb9, 0x10, 0xa4, 0xc4, 0xcb, 0x68, 0x29, 0xfb, 0x69, 0x19, 0x8d, 0x2b,
  0x4c, 0xa4, 0x31, 0x69, 0xb5, 0x68, 0x44, 0x6f, 0x54, 0xa6, 0x35, 0x43,
  0x45, 0x66, 0x14, 0xcc, 0x56, 0xa5, 0x8b, 0x8a, 0x78, 0x14, 0x98, 0x12,
  0x01, 0x4e, 0x02, 0xb3, 0x18, 0xf0, 0x29, 0xd5, 0x9b, 0x18, 0xea, 0x5a,
  0x90, 0x1c, 0x2a, 0xd4, 0x15, 0x22, 0x66, 0x9c, 0x0d, 0x57, 0xa3, 0x92,
  0xb5, 0x47, 0x2c, 0x89, 0xc4, 0xb4, 0xbb, 0x85, 0x51, 0x91, 0x13, 0x9a,
  0x68, 0xc5, 0x41, 0x62, 0xe0, 0x50, 0x52, 0xa8, 0x44, 0x2f, 0x15, 0x54,
  0x96, 0x3c, 0x50, 0x52, 0x2b, 0x30, 0xa6, 0x74, 0xa9, 0x66, 0xa3, 0xd5,
  0xea, 0x45, 0x96, 0x81, 0x32, 0x51, 0x2d, 0x06, 0x4a, 0xa2, 0x04, 0x06,
  0xa4, 0xcd, 0x34, 0x0c, 0x4e, 0x0d, 0x21, 0x8c, 0x1a, 0xa2, 0x46, 0x18,
  0x2a, 0x07, 0x86, 0x91, 0x57, 0x21, 0x29, 0x8a, 0x72, 0xa5, 0x41, 0xa1,
  0x28, 0x8a, 0x97, 0xca, 0xa0, 0x42, 0xec, 0xa3, 0x65, 0x20, 0x0d, 0xb4,
  0x01, 0x40, 0x12, 0xad, 0x4e, 0xb4, 0x12, 0xc7, 0xd1, 0x8a, 0x04, 0x30,
  0xad, 0x46, 0x56, 0x81, 0x91, 0x30, 0xaa, 0xf2, 0xd4, 0x33, 0x48, 0x95,
  0x5a, 0x92, 0xa0, 0xd0, 0x5a, 0x75, 0x02, 0x16, 0x96, 0x80, 0x0a, 0x5a,
  0x00, 0x28, 0xa4, 0x01, 0x45, 0x00, 0x14, 0x50, 0x01, 0x49, 0x40, 0xc2,
  0x92, 0x90, 0x05, 0x25, 0x00, 0x14, 0x50, 0x01, 0x4b, 0x40, 0xc2, 0x96,
  0x80, 0x0a, 0x5a, 0x04, 0x14, 0x94, 0x00, 0x94, 0x94, 0xc4, 0x14, 0xb5,
  0xa2, 0x10, 0xe1, 0x4e, 0x15, 0xa8, 0x87, 0x53, 0x85, 0x59, 0x23, 0xc5,
  0x2d, 0x32, 0x45, 0xa2, 0x90, 0x05, 0x14, 0x0c, 0x29, 0x28, 0x10, 0x51,
  0x40, 0xc2, 0x8a, 0x00, 0x28, 0xa0, 0x02, 0x8a, 0x00, 0x28, 0xa0, 0x08,
  0xa3, 0x6a, 0x6d, 0xcb, 0x7c, 0xb5, 0xb4, 0xb6, 0x26, 0x3b, 0x99, 0x73,
  0x35, 0x46, 0xa6, 0xb0, 0x67, 0x5a, 0x2c, 0xa5, 0x4a, 0x0d, 0x66, 0x66,
  0xc0, 0xd4, 0x6c, 0x69, 0x08, 0x61, 0xa6, 0xd0, 0x50, 0xd2, 0x94, 0x9b,
  0x29, 0xdc, 0x64, 0xa8, 0x95, 0x3a, 0x8c, 0x53, 0x21, 0x93, 0x2d, 0x49,
  0x9a, 0x92, 0x48, 0xd9, 0xe9, 0xb4, 0x8a, 0x16, 0x9a, 0x6b, 0x42, 0x4a,
  0xf2, 0x9a, 0xaa, 0xd4, 0xd1, 0x68, 0x8c, 0xd3, 0x6b, 0x40, 0x17, 0x14,
  0xf0, 0x29, 0x0c, 0x78, 0x14, 0xf0, 0x2b, 0x31, 0x8e, 0xc5, 0x2d, 0x40,
  0x05, 0x2d, 0x49, 0x43, 0xd6, 0xac, 0x44, 0x71, 0x41, 0x2c, 0xbb, 0x14,
  0x95, 0x69, 0x24, 0xad, 0x91, 0xce, 0xc9, 0x7c, 0xca, 0x77, 0x9b, 0x41,
  0x03, 0x4c, 0x95, 0x19, 0x97, 0x15, 0x0c, 0xa4, 0x3d, 0x26, 0xa9, 0xd6,
  0x5a, 0xa2, 0x18, 0x33, 0x55, 0x49, 0x8d, 0x26, 0x34, 0x55, 0x7a, 0xae,
  0xc6, 0xa1, 0x9b, 0x21, 0xb9, 0xa5, 0xdd, 0x48, 0x63, 0x84, 0x94, 0xbe,
  0x6d, 0x51, 0x36, 0x1c, 0xb2, 0x54, 0x9e, 0x65, 0x50, 0x87, 0xab, 0xd4,
  0x81, 0xaa, 0x91, 0x03, 0xf7, 0x53, 0x1f, 0x15, 0x44, 0x95, 0xd8, 0x73,
  0x52, 0xc4, 0x95, 0x91, 0xa1, 0x65, 0x62, 0xa7, 0x79, 0x15, 0x44, 0x09,
  0xe4, 0x53, 0x0c, 0x34, 0x87, 0x72, 0x32, 0x94, 0xcc, 0x62, 0xa4, 0xa0,
  0xcd, 0x3c, 0x35, 0x31, 0x12, 0x07, 0xa7, 0x6f, 0xa0, 0x42, 0x6f, 0xa6,
  0x96, 0xa0, 0x08, 0x64, 0x6a, 0xa5, 0x29, 0xac, 0x99, 0xb4, 0x48, 0x28,
  0xa4, 0x58, 0xea, 0x5a, 0x04, 0x2d, 0x2d, 0x00, 0x14, 0xb4, 0x80, 0x28,
  0xa0, 0x02, 0x8a, 0x00, 0x28, 0xa4, 0x02, 0x51, 0x4c, 0x62, 0x51, 0x48,
  0x02, 0x8a, 0x00, 0x4a, 0x5a, 0x00, 0x28, 0xa0, 0x05, 0xa2, 0x80, 0x16,
  0x8a, 0x40, 0x14, 0x94, 0x00, 0x94, 0x95, 0x48, 0x41, 0x4e, 0xad, 0x10,
  0x85, 0x14, 0xea, 0xd5, 0x08, 0x70, 0xa7, 0x8a, 0xb2, 0x47, 0x8a, 0x5a,
  0x64, 0x8b, 0x45, 0x20, 0x0a, 0x28, 0x01, 0x28, 0xa0, 0x61, 0x49, 0x40,
  0x05, 0x14, 0x00, 0x51, 0x40, 0x05, 0x14, 0x00, 0x51, 0x40, 0x8a, 0x89,
  0x26, 0x2a, 0xbd, 0xcc, 0xb9, 0xad, 0x37, 0x2e, 0x2b, 0x52, 0x8b, 0x52,
  0xa8, 0xa8, 0x66, 0xe5, 0x84, 0xa9, 0x73, 0x50, 0xcc, 0xc6, 0x96, 0xa8,
  0x8b, 0x54, 0x00, 0x94, 0xf1, 0x52, 0xc6, 0x4a, 0x91, 0xee, 0xa9, 0xbe,
  0xcf, 0x48, 0x91, 0x3c, 0xac, 0x52, 0xd6, 0x82, 0x14, 0x52, 0x33, 0x54,
  0xb1, 0x8c, 0xa7, 0x53, 0x01, 0x69, 0x8e, 0x68, 0x11, 0x51, 0xcd, 0x44,
  0x6a, 0xd1, 0x64, 0x66, 0x92, 0xac, 0x43, 0x85, 0x3c, 0x54, 0xb1, 0x92,
  0x0a, 0x70, 0xac, 0xd8, 0xc7, 0x51, 0x52, 0x01, 0x45, 0x22, 0x87, 0x0a,
  0x95, 0x5a, 0x84, 0x4b, 0x25, 0x57, 0xa9, 0xd2, 0x6a, 0xd5, 0x19, 0x32,
  0x75, 0x9a, 0x97, 0xcd, 0xa1, 0x91, 0x61, 0xa6, 0x6a, 0x89, 0xa5, 0xac,
  0xcb, 0x48, 0x72, 0xcb, 0x53, 0x2c, 0xd5, 0x44, 0xb4, 0x3f, 0xcf, 0xa8,
  0xcb, 0xe6, 0x81, 0x11, 0xc8, 0x78, 0xaa, 0x8e, 0x79, 0xa8, 0x34, 0x43,
  0x73, 0x4d, 0x2d, 0x40, 0xc4, 0xdd, 0x46, 0xfa, 0x60, 0x48, 0xad, 0x52,
  0x83, 0x4c, 0x92, 0x50, 0xd4, 0xf5, 0x6a, 0xb2, 0x07, 0x6f, 0xa4, 0x67,
  0xa6, 0x22, 0x3e, 0xf5, 0x66, 0x13, 0x52, 0x36, 0x5c, 0x8d, 0xaa, 0xc2,
  0xd5, 0x19, 0x31, 0xfb, 0x45, 0x35, 0xa3, 0xa4, 0x49, 0x04, 0x91, 0x55,
  0x59, 0x17, 0x15, 0x26, 0x88, 0xae, 0xd4, 0xdd, 0xd4, 0x8d, 0x05, 0xdf,
  0x47, 0x99, 0x40, 0x07, 0x9b, 0x47, 0x99, 0x40, 0x11, 0x48, 0xf5, 0x59,
  0xab, 0x26, 0x68, 0x86, 0x52, 0xd0, 0x50, 0xb4, 0xb4, 0x08, 0x5a, 0x28,
  0x01, 0x69, 0x69, 0x00, 0x51, 0x40, 0x05, 0x14, 0x00, 0xb4, 0x94, 0x80,
  0x4a, 0x29, 0x8c, 0x28, 0xa4, 0x02, 0x51, 0x40, 0x05, 0x14, 0x00, 0x52,
  0xd0, 0x01, 0x4b, 0x48, 0x02, 0x8a, 0x00, 0x29, 0x29, 0x80, 0x94, 0x95,
  0x42, 0x0a, 0x75, 0x68, 0x21, 0xd4, 0xa2, 0xb4, 0x42, 0x1f, 0x4e, 0x15,
  0x64, 0x8f, 0x14, 0xb4, 0xc4, 0x2d, 0x14, 0x84, 0x14, 0x50, 0x01, 0x49,
  0x40, 0xc2, 0x92, 0x80, 0x0a, 0x28, 0x00, 0xa2, 0x80, 0x0a, 0x28, 0x00,
  0xa2, 0x80, 0x2a, 0x18, 0x4e, 0x2a, 0xb4, 0x91, 0xd5, 0x96, 0x99, 0x55,
  0xd7, 0x9a, 0x55, 0xa4, 0x68, 0x48, 0x0d, 0x2e, 0xea, 0x86, 0x40, 0xc6,
  0x7a, 0x65, 0x66, 0x58, 0xf1, 0x52, 0x20, 0xcd, 0x4b, 0x03, 0x4e, 0xd2,
  0x1c, 0xd5, 0xef, 0xb3, 0xf1, 0x4a, 0x26, 0x32, 0x21, 0x92, 0xde, 0xa9,
  0xca, 0x9b, 0x6b, 0x56, 0x28, 0x95, 0xcb, 0xd3, 0x73, 0x59, 0x9b, 0x0b,
  0x4e, 0xab, 0x24, 0x42, 0x6a, 0x07, 0x6a, 0x00, 0x80, 0xd4, 0x66, 0xb4,
  0x45, 0x0c, 0xcd, 0x25, 0x30, 0x1e, 0x29, 0xe2, 0xa1, 0x8c, 0x90, 0x54,
  0x82, 0xb3, 0x01, 0x68, 0xa4, 0x02, 0x52, 0xd4, 0x94, 0x2d, 0x2d, 0x32,
  0x47, 0x66, 0x9e, 0x1a, 0xa8, 0x82, 0x41, 0x25, 0x3f, 0xcc, 0xa6, 0x21,
  0x86, 0x4a, 0x66, 0xfa, 0x81, 0x8a, 0x1e, 0x9f, 0xe6, 0x53, 0x10, 0xef,
  0x36, 0x9c, 0x24, 0xa0, 0x06, 0xbc, 0x95, 0x5c, 0x9a, 0x91, 0x8d, 0xcd,
  0x21, 0x34, 0xc6, 0x37, 0x34, 0x99, 0xa6, 0x04, 0xb1, 0xd5, 0xb5, 0x14,
  0xc8, 0x63, 0xb1, 0x4b, 0x56, 0x48, 0x66, 0x93, 0x75, 0x20, 0x14, 0x1a,
  0x91, 0x5f, 0x14, 0x01, 0x32, 0x4b, 0x56, 0xe3, 0x96, 0x99, 0x9b, 0x2c,
  0x2c, 0xb4, 0xfd, 0xf4, 0x10, 0x47, 0x23, 0x0a, 0xa5, 0x29, 0xa9, 0x2e,
  0x25, 0x49, 0x0d, 0x47, 0x9a, 0x93, 0x61, 0x37, 0x53, 0x37, 0x54, 0x8c,
  0x37, 0x51, 0xba, 0x81, 0x91, 0xb3, 0x53, 0x2a, 0x4a, 0x12, 0x96, 0x80,
  0x16, 0x9d, 0x40, 0x82, 0x96, 0x90, 0x0b, 0x45, 0x00, 0x14, 0x50, 0x01,
  0x4b, 0x48, 0x02, 0x92, 0x80, 0x0a, 0x4a, 0x60, 0x14, 0x52, 0x18, 0x51,
  0x40, 0x09, 0x45, 0x00, 0x2d, 0x14, 0x80, 0x5a, 0x28, 0x00, 0xa2, 0x80,
  0x0a, 0x4a, 0x00, 0x4a, 0x4a, 0xb4, 0x21, 0x69, 0x6b, 0x44, 0x21, 0xd4,
  0xb5, 0xa2, 0x24, 0x7d, 0x3c, 0x55, 0x88, 0x70, 0xa5, 0xa6, 0x21, 0x68,
  0xa4, 0x21, 0x29, 0x68, 0x18, 0x52, 0x50, 0x20, 0xa2, 0x81, 0x89, 0x45,
  0x00, 0x14, 0x50, 0x01, 0x45, 0x00, 0x14, 0x50, 0x02, 0xb8, 0x01, 0x6a,
  0x94, 0xb5, 0xb3, 0x26, 0x25, 0x19, 0x7a, 0xd4, 0x75, 0x06, 0xe1, 0xba,
  0x98, 0x5e, 0xa1, 0x8c, 0x4d, 0xd4, 0xa0, 0xd4, 0x0c, 0x91, 0x39, 0xab,
  0x90, 0x25, 0x44, 0x84, 0x6a, 0x5b, 0x1d, 0xb5, 0xa5, 0x13, 0x02, 0x29,
  0xc0, 0xe7, 0x98, 0xae, 0x80, 0x8a, 0xcb, 0xbd, 0x5d, 0xb5, 0x73, 0xd8,
  0x20, 0x64, 0xbf, 0x5a, 0x4a, 0xc8, 0xe8, 0x1d, 0x9a, 0x5c, 0xd5, 0x92,
  0x44, 0xef, 0x50, 0x96, 0xa6, 0x86, 0x30, 0x9a, 0x89, 0x8d, 0x68, 0x86,
  0x46, 0x4d, 0x00, 0xd3, 0xb0, 0xc9, 0x01, 0xa9, 0x05, 0x43, 0x02, 0x41,
  0x52, 0x0a, 0xc8, 0x05, 0xa5, 0xa4, 0x01, 0x4b, 0x48, 0x61, 0x45, 0x31,
  0x0b, 0x46, 0x69, 0x88, 0x37, 0x52, 0xef, 0xa0, 0x41, 0x9a, 0x33, 0x48,
  0x03, 0x34, 0x6e, 0xa0, 0x42, 0xee, 0xa5, 0xdf, 0x40, 0xc6, 0x96, 0xa4,
  0xcd, 0x20, 0x13, 0x34, 0xd2, 0x69, 0x80, 0xdc, 0xd2, 0x66, 0x98, 0xc9,
  0xa2, 0x6a, 0xbd, 0x1b, 0x55, 0x23, 0x39, 0x12, 0x8a, 0x76, 0x2a, 0x8c,
  0xc6, 0x32, 0xd3, 0x08, 0xa9, 0x28, 0x4a, 0x42, 0xf4, 0x8a, 0x1c, 0xaf,
  0x53, 0x24, 0xb4, 0x84, 0xcb, 0x0b, 0x35, 0x49, 0xe7, 0xd3, 0x22, 0xc3,
  0x1a, 0x6a, 0x81, 0xe4, 0xa9, 0x19, 0x0b, 0x1a, 0x6d, 0x23, 0x41, 0x86,
  0x99, 0x9a, 0x91, 0x89, 0x46, 0x68, 0x18, 0xda, 0x4a, 0x43, 0x16, 0x96,
  0x80, 0x16, 0x96, 0x90, 0x82, 0x96, 0x80, 0x0a, 0x5a, 0x00, 0x28, 0xa0,
  0x02, 0x96, 0x90, 0x05, 0x25, 0x00, 0x14, 0x50, 0x31, 0x28, 0xa0, 0x02,
  0x8a, 0x00, 0x28, 0xa0, 0x02, 0x8a, 0x40, 0x2d, 0x14, 0x00, 0x52, 0xd0,
  0x02, 0x52, 0x50, 0x02, 0x52, 0x55, 0xa1, 0x0b, 0x4b, 0x5a, 0x21, 0x0e,
  0xa7, 0x56, 0x88, 0x91, 0xc2, 0x9e, 0x2a, 0xc4, 0x38, 0x52, 0xd0, 0x21,
  0x68, 0xa0, 0x42, 0x51, 0x40, 0x0b, 0x49, 0x40, 0x05, 0x14, 0x00, 0x94,
  0x50, 0x30, 0xa2, 0x81, 0x05, 0x14, 0x0c, 0x28, 0xa0, 0x06, 0x17, 0xcd,
  0x55, 0x9d, 0xab, 0x69, 0x0a, 0x25, 0x06, 0xe4, 0xd3, 0x09, 0xac, 0xcd,
  0x88, 0x89, 0xa6, 0xe6, 0xa0, 0xa0, 0xa7, 0x0a, 0x62, 0x2d, 0x5b, 0xae,
  0x4d, 0x6b, 0x41, 0x1f, 0x15, 0x93, 0xdc, 0x89, 0x16, 0x44, 0x74, 0xf5,
  0x72, 0xb5, 0x48, 0xcf, 0x72, 0x7f, 0xb4, 0x71, 0x59, 0xd7, 0xd3, 0x66,
  0xa2, 0x65, 0x41, 0x19, 0x86, 0x92, 0x91, 0xb0, 0x94, 0x85, 0xaa, 0xc9,
  0x22, 0x63, 0x51, 0x9a, 0xb4, 0x32, 0x36, 0x35, 0x13, 0x1a, 0xd5, 0x01,
  0x19, 0x34, 0xa0, 0xd3, 0x19, 0x2a, 0x9a, 0x94, 0x56, 0x4c, 0x09, 0x45,
  0x48, 0x2b, 0x10, 0x1d, 0x4b, 0x48, 0x02, 0x96, 0xa4, 0x62, 0x51, 0x4c,
  0x42, 0xd2, 0x66, 0xa8, 0x43, 0x73, 0x45, 0x00, 0x3b, 0x34, 0xb4, 0x80,
  0x4c, 0xd1, 0x40, 0x09, 0x9a, 0x5a, 0x60, 0x14, 0x52, 0x01, 0x0d, 0x30,
  0x9a, 0x60, 0x30, 0x9a, 0x4c, 0xd5, 0x0c, 0x95, 0x1a, 0xac, 0x24, 0x94,
  0xc8, 0x65, 0x84, 0x92, 0xa6, 0x12, 0x55, 0x19, 0x0e, 0xcd, 0x06, 0x90,
  0x86, 0x11, 0x55, 0xd8, 0xf3, 0x59, 0xb3, 0x44, 0x39, 0x6a, 0x55, 0x34,
  0x80, 0x90, 0x1a, 0x76, 0xea, 0x04, 0x37, 0x75, 0x33, 0x34, 0x86, 0x36,
  0x92, 0x90, 0xc6, 0x35, 0x32, 0xa4, 0xa0, 0xa4, 0xa0, 0x62, 0x51, 0x40,
  0x0b, 0x4b, 0x48, 0x05, 0xa5, 0xa0, 0x05, 0xa2, 0x81, 0x05, 0x2d, 0x00,
  0x14, 0x50, 0x02, 0xd1, 0x48, 0x02, 0x92, 0x80, 0x0a, 0x4a, 0x06, 0x14,
  0x50, 0x01, 0x45, 0x00, 0x14, 0x50, 0x01, 0x4b, 0x48, 0x02, 0x8a, 0x00,
  0x5a, 0x28, 0x00, 0xa6, 0xd0, 0x03, 0x68, 0xab, 0x42, 0x16, 0x96, 0xb4,
  0x42, 0x1d, 0x4e, 0xad, 0x51, 0x23, 0xa9, 0xc2, 0xa8, 0x43, 0xc5, 0x2d,
  0x02, 0x0a, 0x28, 0x00, 0xa2, 0x80, 0x0a, 0x28, 0x00, 0xa2, 0x81, 0x09,
  0x45, 0x03, 0x0a, 0x28, 0x00, 0xa2, 0x80, 0x0a, 0x28, 0x03, 0x35, 0x67,
  0xa8, 0xa4, 0x6c, 0xd3, 0x2d, 0x10, 0x31, 0xa8, 0xba, 0xd2, 0x2c, 0x4c,
  0x53, 0x71, 0x40, 0xc5, 0xc5, 0x2d, 0x02, 0x2c, 0xdb, 0xb6, 0x0d, 0x6c,
  0x5b, 0x48, 0x2a, 0x3a, 0x91, 0x32, 0xf2, 0x1c, 0xd1, 0x22, 0xd6, 0xb2,
  0xd8, 0xc5, 0x15, 0x24, 0x6c, 0x55, 0x49, 0x3e, 0x6a, 0xe6, 0x37, 0x44,
  0x0c, 0xb5, 0x19, 0x15, 0x43, 0x18, 0x69, 0x84, 0xd5, 0x0c, 0x6d, 0x46,
  0x6a, 0xc0, 0x89, 0xaa, 0x33, 0x5a, 0x00, 0xc3, 0x48, 0x2a, 0x80, 0x95,
  0x6a, 0x65, 0xac, 0xa4, 0x32, 0x55, 0xa9, 0x45, 0x62, 0xc0, 0x7d, 0x2d,
  0x40, 0x05, 0x25, 0x21, 0x85, 0x25, 0x31, 0x05, 0x36, 0xa8, 0x42, 0x51,
  0x40, 0xc3, 0x34, 0xbb, 0xa8, 0x00, 0xcd, 0x14, 0x08, 0x5a, 0x78, 0xa0,
  0x07, 0x53, 0x4d, 0x32, 0x46, 0x1a, 0x8d, 0xaa, 0x8a, 0x22, 0x26, 0x93,
  0x34, 0xc6, 0x38, 0x35, 0x48, 0x1e, 0x99, 0x24, 0xcb, 0x25, 0x4c, 0xb2,
  0xd0, 0x43, 0x44, 0xab, 0x2d, 0x4a, 0x24, 0xa4, 0x48, 0xd7, 0x7e, 0x2a,
  0x0c, 0xf3, 0x59, 0x96, 0x38, 0x1a, 0x94, 0x54, 0x80, 0xfc, 0xd2, 0xe6,
  0x81, 0x09, 0x49, 0x40, 0xc4, 0xa2, 0x90, 0x11, 0x9a, 0x6d, 0x49, 0x41,
  0x49, 0x40, 0xc4, 0xa2, 0x90, 0xc5, 0xa5, 0xa0, 0x42, 0xd2, 0xd0, 0x21,
  0x68, 0xa0, 0x02, 0x96, 0x90, 0x05, 0x14, 0xc0, 0x29, 0x69, 0x00, 0x51,
  0x40, 0xc4, 0xa2, 0x80, 0x0a, 0x4a, 0x00, 0x28, 0xa4, 0x01, 0x45, 0x30,
  0x16, 0x8a, 0x40, 0x14, 0xb4, 0x00, 0x51, 0x40, 0x05, 0x36, 0x80, 0x12,
  0x92, 0xb4, 0x42, 0x16, 0x96, 0xad, 0x08, 0x75, 0x38, 0x56, 0xa8, 0x91,
  0xd4, 0xe1, 0x54, 0x21, 0xe2, 0x8a, 0x04, 0x2d, 0x14, 0x00, 0x51, 0x40,
  0x05, 0x14, 0x00, 0x51, 0x40, 0x05, 0x25, 0x00, 0x14, 0x50, 0x01, 0x45,
  0x00, 0x14, 0x50, 0x06, 0x20, 0xa4, 0x66, 0xa1, 0x9a, 0x91, 0x75, 0xa5,
  0xc5, 0x48, 0xc4, 0x34, 0x80, 0x53, 0x00, 0x61, 0x4d, 0xc5, 0x21, 0x93,
  0x27, 0x15, 0x6e, 0x19, 0x31, 0x48, 0x96, 0x68, 0xc1, 0x3d, 0x5a, 0xf3,
  0x41, 0x5a, 0xa7, 0x2d, 0x0c, 0x6c, 0x52, 0x99, 0xb2, 0x6a, 0x2a, 0xc9,
  0x1a, 0x88, 0xd5, 0x0b, 0xad, 0x58, 0x8a, 0xcf, 0x51, 0xd0, 0x58, 0xda,
  0x69, 0xad, 0x00, 0x8c, 0xd3, 0x0d, 0x52, 0x11, 0x19, 0xa4, 0xab, 0x28,
  0x7a, 0xd4, 0xeb, 0x59, 0x30, 0x25, 0x5a, 0x94, 0x56, 0x2c, 0x07, 0xd2,
  0xd4, 0x00, 0xb4, 0x94, 0x86, 0x36, 0x8a, 0xa1, 0x08, 0x69, 0xb4, 0xc0,
  0x4a, 0x5a, 0x60, 0x36, 0x9b, 0x9a, 0x60, 0x2e, 0x69, 0xd4, 0x00, 0xf5,
  0x15, 0x2d, 0x22, 0x58, 0x1a, 0x69, 0xaa, 0x24, 0x61, 0xa8, 0x5a, 0xa8,
  0xa2, 0x23, 0x51, 0xe6, 0x99, 0x42, 0xee, 0xa7, 0x83, 0x4c, 0x43, 0xc3,
  0x54, 0x8a, 0xf4, 0x84, 0x4c, 0xaf, 0x53, 0x2b, 0xd4, 0x32, 0x45, 0x2d,
  0x4d, 0xac, 0xc6, 0x48, 0xb5, 0x28, 0xa9, 0x01, 0xd4, 0x53, 0x10, 0x51,
  0x48, 0x04, 0xa4, 0x34, 0x86, 0x46, 0x69, 0xb4, 0x86, 0x14, 0x94, 0x0c,
  0x28, 0xa4, 0x02, 0xd3, 0xa8, 0x00, 0xa5, 0xa0, 0x41, 0x4b, 0x40, 0xc2,
  0x96, 0x81, 0x05, 0x14, 0x80, 0x5a, 0x28, 0x00, 0xa2, 0x80, 0x12, 0x8a,
  0x00, 0x28, 0xa0, 0x62, 0x51, 0x48, 0x02, 0x96, 0x80, 0x12, 0x96, 0x80,
  0x0a, 0x5a, 0x00, 0x28, 0xa0, 0x04, 0x34, 0x94, 0xc0, 0x6d, 0x15, 0x68,
  0x42, 0xd2, 0xd6, 0x84, 0x8e, 0xa7, 0x56, 0x88, 0x43, 0x85, 0x3c, 0x55,
  0x88, 0x75, 0x14, 0x84, 0x2d, 0x14, 0x00, 0x51, 0x40, 0x05, 0x14, 0x00,
  0x51, 0x40, 0x05, 0x25, 0x00, 0x14, 0x50, 0x01, 0x45, 0x00, 0x14, 0x50,
  0x06, 0x19, 0xa8, 0x8d, 0x49, 0xb8, 0x0a, 0x75, 0x21, 0x0d, 0xa7, 0x50,
  0x31, 0xa6, 0x95, 0x45, 0x00, 0x49, 0x52, 0x25, 0x48, 0x8b, 0x0a, 0xd8,
  0xa9, 0xbc, 0xde, 0x2a, 0x44, 0x26, 0x73, 0x4b, 0x56, 0x89, 0x13, 0x35,
  0x14, 0x86, 0xa8, 0x45, 0x47, 0x3c, 0xd4, 0x74, 0x91, 0xa8, 0x94, 0x98,
  0xab, 0x10, 0xd2, 0x29, 0x84, 0x53, 0x02, 0x36, 0x14, 0xca, 0xb1, 0x8f,
  0x5a, 0x99, 0x6a, 0x18, 0x13, 0x2d, 0x48, 0x2b, 0x16, 0x03, 0xc5, 0x2d,
  0x40, 0x05, 0x25, 0x00, 0x25, 0x14, 0xc0, 0x6d, 0x36, 0x98, 0x05, 0x06,
  0x98, 0x0c, 0x34, 0x95, 0x40, 0x28, 0xa7, 0x8a, 0x40, 0x4c, 0x95, 0x25,
  0x08, 0x86, 0x36, 0x98, 0x6a, 0x89, 0x18, 0xd5, 0x11, 0xab, 0x28, 0x89,
  0xaa, 0x1a, 0x0a, 0x42, 0xd3, 0xc5, 0x00, 0x38, 0x53, 0xc5, 0x48, 0x12,
  0xa9, 0xa9, 0x54, 0xd4, 0xb1, 0x0f, 0xa7, 0x8a, 0xc8, 0x44, 0x8b, 0x52,
  0x0a, 0x40, 0x3a, 0x8a, 0x62, 0x0a, 0x4a, 0x40, 0x14, 0xd6, 0xa4, 0x32,
  0x3a, 0x4a, 0x92, 0x82, 0x92, 0x80, 0x0a, 0x5a, 0x00, 0x5a, 0x5a, 0x00,
  0x5a, 0x28, 0x01, 0x68, 0xa4, 0x21, 0x69, 0x29, 0x80, 0xb4, 0x52, 0x01,
  0x68, 0xa0, 0x02, 0x8a, 0x00, 0x4a, 0x28, 0x18, 0x51, 0x40, 0x05, 0x25,
  0x20, 0x16, 0x92, 0x80, 0x16, 0x8a, 0x00, 0x5a, 0x28, 0x00, 0xa2, 0x90,
  0x08, 0x69, 0xb5, 0x40, 0x25, 0x15, 0x68, 0x42, 0xd2, 0xd6, 0x88, 0x43,
  0x85, 0x38, 0x56, 0x88, 0x91, 0xc2, 0x9c, 0x2a, 0x84, 0x3e, 0x8a, 0x04,
  0x14, 0x50, 0x02, 0xd1, 0x40, 0x05, 0x14, 0x00, 0x51, 0x40, 0x09, 0x45,
  0x00, 0x14, 0x50, 0x01, 0x45, 0x02, 0x0a, 0x28, 0x19, 0x80, 0xd5, 0x1d,
  0x41, 0xb8, 0xf1, 0x41, 0xa0, 0x04, 0x14, 0xea, 0x00, 0x65, 0x48, 0x29,
  0x30, 0x1d, 0x52, 0x2d, 0x48, 0x12, 0x66, 0x8d, 0xd4, 0x80, 0x70, 0x7a,
  0x7e, 0xfa, 0xb4, 0x43, 0x10, 0xbd, 0x57, 0x95, 0xe9, 0xb0, 0x44, 0x14,
  0x53, 0x2c, 0x5a, 0x28, 0x10, 0xd2, 0x29, 0x86, 0x9a, 0x02, 0x26, 0xa6,
  0x56, 0x83, 0x1c, 0xb5, 0x32, 0xd4, 0x30, 0x25, 0x5a, 0x94, 0x56, 0x2c,
  0x07, 0xd1, 0x52, 0x31, 0x29, 0x28, 0x00, 0xa4, 0x34, 0xc4, 0x36, 0x92,
  0x98, 0xc2, 0x92, 0x98, 0x86, 0xd2, 0xe2, 0x98, 0x0b, 0x4e, 0x02, 0x90,
  0x13, 0x2d, 0x2d, 0x33, 0x36, 0x14, 0xd3, 0x56, 0x22, 0x23, 0x51, 0x9a,
  0xb2, 0x88, 0x5c, 0xd4, 0x54, 0x8a, 0x42, 0x8a, 0x78, 0xa4, 0x31, 0x69,
  0xe2, 0x90, 0x89, 0x56, 0xa5, 0x5a, 0xcd, 0x81, 0x2a, 0x8a, 0x90, 0x0a,
  0x82, 0x49, 0x40, 0xa7, 0x52, 0x10, 0x52, 0xd0, 0x01, 0x49, 0x40, 0x05,
  0x46, 0x6a, 0x58, 0xc6, 0x51, 0x41, 0x41, 0x49, 0x48, 0x61, 0x4b, 0x40,
  0x85, 0xa5, 0xa0, 0x42, 0xd1, 0x40, 0xc5, 0xa2, 0x90, 0x05, 0x2d, 0x02,
  0x0a, 0x28, 0x01, 0x68, 0xa0, 0x02, 0x8a, 0x06, 0x25, 0x14, 0x00, 0x51,
  0x48, 0x02, 0x8a, 0x00, 0x28, 0xa4, 0x01, 0x45, 0x30, 0x0a, 0x5a, 0x00,
  0x28, 0xa0, 0x04, 0x34, 0xda, 0x62, 0x12, 0x8a, 0xb0, 0x16, 0x9d, 0x5a,
  0x21, 0x0b, 0x4e, 0x15, 0xaa, 0x24, 0x75, 0x38, 0x55, 0x08, 0x75, 0x2d,
  0x02, 0x0a, 0x29, 0x00, 0x51, 0x40, 0x05, 0x14, 0x00, 0xb4, 0x94, 0x80,
  0x28, 0xa0, 0x02, 0x8a, 0x60, 0x14, 0x50, 0x20, 0xa2, 0x81, 0x9c, 0xe9,
  0x34, 0x82, 0xa0, 0xdc, 0x75, 0x25, 0x00, 0x38, 0x52, 0x1a, 0x40, 0x28,
  0xa7, 0x50, 0x02, 0xad, 0x48, 0x2a, 0x58, 0xc7, 0x51, 0x48, 0x42, 0x66,
  0x93, 0x7d, 0x52, 0x01, 0x0c, 0x95, 0x09, 0x35, 0x40, 0x25, 0x38, 0x53,
  0x01, 0xd4, 0x52, 0x01, 0xa4, 0xd4, 0x66, 0xa9, 0x01, 0x13, 0x53, 0x6a,
  0xc0, 0x78, 0xa9, 0x56, 0xa5, 0x81, 0x2a, 0xd4, 0x82, 0xb1, 0x60, 0x3e,
  0x92, 0xa4, 0x62, 0x52, 0x50, 0x01, 0x49, 0x4c, 0x04, 0xa4, 0xa6, 0x02,
  0x52, 0x53, 0x00, 0xa5, 0x14, 0xc4, 0x3a, 0x9c, 0x2a, 0x40, 0x76, 0x68,
  0xcd, 0x51, 0x01, 0x9a, 0x42, 0x6a, 0xc4, 0x30, 0xd3, 0x0d, 0x58, 0xca,
  0xd2, 0x54, 0x74, 0x8d, 0x07, 0x0a, 0x75, 0x21, 0x0e, 0x15, 0x22, 0xd4,
  0x81, 0x2a, 0x8a, 0x9d, 0x45, 0x66, 0x26, 0x4a, 0x29, 0xe2, 0xa4, 0x91,
  0xe2, 0x9d, 0x9a, 0x40, 0x14, 0x50, 0x01, 0x45, 0x02, 0x1a, 0x69, 0x86,
  0xa4, 0xa1, 0xb4, 0x52, 0x18, 0x94, 0x50, 0x01, 0x4b, 0x40, 0x0b, 0x4e,
  0xa0, 0x02, 0x8a, 0x00, 0x5a, 0x28, 0x10, 0x52, 0xd2, 0x00, 0xa5, 0xa0,
  0x02, 0x8a, 0x00, 0x28, 0xa4, 0x30, 0xa4, 0xa6, 0x20, 0xa2, 0x90, 0xc2,
  0x8a, 0x00, 0x28, 0xa0, 0x02, 0x96, 0x80, 0x0a, 0x28, 0x00, 0xa2, 0x80,
  0x12, 0x9b, 0x4c, 0x42, 0x51, 0x5a, 0x20, 0x16, 0x96, 0xac, 0x43, 0xa9,
  0xd5, 0xa9, 0x23, 0xa9, 0xc2, 0xa8, 0x43, 0xa9, 0x69, 0x08, 0x28, 0xa0,
  0x02, 0x8a, 0x00, 0x28, 0xa0, 0x02, 0x8a, 0x00, 0x28, 0xa0, 0x02, 0x8a,
  0x00, 0x28, 0xa0, 0x02, 0x8a, 0x00, 0xe6, 0xe9, 0xd5, 0x26, 0xe2, 0x35,
  0x32, 0x98, 0x12, 0x66, 0x9b, 0x9a, 0x40, 0x3f, 0x34, 0x99, 0xa4, 0x04,
  0x8b, 0x4f, 0xcd, 0x41, 0x43, 0xc5, 0x14, 0x84, 0x34, 0xd4, 0x66, 0xad,
  0x08, 0x61, 0x34, 0x95, 0x63, 0x0a, 0x78, 0xa4, 0x21, 0x69, 0x0d, 0x20,
  0x18, 0x69, 0x86, 0xac, 0x08, 0xe9, 0x45, 0x50, 0x0f, 0x15, 0x22, 0xd6,
  0x6c, 0x09, 0x56, 0xa4, 0x15, 0x93, 0x18, 0xea, 0x43, 0x52, 0x02, 0x52,
  0x53, 0x00, 0xa4, 0xa6, 0x02, 0x52, 0xe2, 0x81, 0x08, 0x45, 0x30, 0xd5,
  0x20, 0x10, 0x53, 0xe8, 0x18, 0xb4, 0xb4, 0x08, 0x29, 0x6a, 0x89, 0x1a,
  0x4d, 0x37, 0x35, 0x40, 0x34, 0x9a, 0x61, 0x6a, 0xa0, 0x20, 0x73, 0x4d,
  0xa4, 0x58, 0xf1, 0x4b, 0x48, 0x07, 0x8a, 0x91, 0x6a, 0x40, 0xb1, 0x1d,
  0x4c, 0xb5, 0x04, 0x31, 0xe2, 0x9e, 0x2a, 0x44, 0x3a, 0x8a, 0x40, 0x25,
  0x26, 0x69, 0x00, 0xbb, 0xa9, 0x77, 0x50, 0x03, 0x4d, 0x36, 0x90, 0xc4,
  0xa2, 0x90, 0xc2, 0x92, 0x81, 0x8b, 0x4b, 0x40, 0x85, 0xa5, 0xa0, 0x02,
  0x8a, 0x40, 0x2d, 0x14, 0x00, 0x51, 0x40, 0x0b, 0x45, 0x02, 0x16, 0x8a,
  0x00, 0x28, 0xa0, 0x61, 0x49, 0x48, 0x02, 0x8a, 0x00, 0x28, 0xa0, 0x02,
  0x8a, 0x00, 0x29, 0x68, 0x00, 0xa2, 0x80, 0x0a, 0x28, 0x01, 0xb4, 0xda,
  0xa1, 0x05, 0x15, 0x68, 0x05, 0xa7, 0x56, 0x88, 0x91, 0x69, 0xd5, 0xa2,
  0x10, 0xe1, 0x4e, 0xaa, 0x10, 0xea, 0x5a, 0x42, 0x0a, 0x28, 0x00, 0xa2,
  0x81, 0x85, 0x14, 0x08, 0x28, 0xa0, 0x02, 0x8a, 0x00, 0x28, 0xa0, 0x02,
  0x8a, 0x00, 0x28, 0xa0, 0x0e, 0x7c, 0x0a, 0x76, 0x2b, 0x33, 0x72, 0x36,
  0x14, 0xcc, 0x53, 0x18, 0x52, 0x0a, 0x60, 0x3a, 0x95, 0x68, 0x02, 0x51,
  0x4e, 0x15, 0x00, 0x49, 0x48, 0x69, 0x00, 0xc3, 0x51, 0x13, 0x56, 0x21,
  0xb4, 0x55, 0x00, 0xf1, 0x4e, 0xa4, 0x00, 0x69, 0x86, 0x90, 0x0c, 0x26,
  0x98, 0x6a, 0xd0, 0x0d, 0xa7, 0x0a, 0x60, 0x3c, 0x54, 0xab, 0x59, 0xb0,
  0x24, 0x5a, 0x94, 0x56, 0x6c, 0x02, 0x9b, 0x48, 0x62, 0x51, 0x40, 0x05,
  0x25, 0x30, 0x16, 0x96, 0x81, 0x08, 0x69, 0x84, 0x53, 0x01, 0x31, 0x4e,
  0xa6, 0x01, 0x4b, 0x48, 0x02, 0x8a, 0xa2, 0x46, 0x1a, 0x61, 0xad, 0x10,
  0xc6, 0x9a, 0x89, 0x8d, 0x00, 0x47, 0x4b, 0x41, 0x43, 0xa9, 0xc2, 0x90,
  0x0f, 0x15, 0x2a, 0x54, 0x81, 0x3a, 0xd4, 0xcb, 0x50, 0x40, 0xf1, 0x4f,
  0xa9, 0x10, 0xb4, 0x52, 0x01, 0x29, 0xb4, 0x80, 0x4a, 0x29, 0x0c, 0x28,
  0xa4, 0x31, 0x28, 0xa0, 0x02, 0x8a, 0x00, 0x29, 0x68, 0x01, 0x69, 0x68,
  0x00, 0xa5, 0xa4, 0x20, 0xa2, 0x81, 0x85, 0x14, 0x08, 0x5a, 0x28, 0x18,
  0xb4, 0x52, 0x10, 0x51, 0x4c, 0x61, 0x45, 0x20, 0x12, 0x8a, 0x00, 0x28,
  0xa0, 0x02, 0x96, 0x80, 0x0a, 0x28, 0x00, 0xa5, 0xa0, 0x04, 0xa2, 0x80,
  0x1a, 0x69, 0xb5, 0x40, 0x14, 0x55, 0xa2, 0x45, 0xa7, 0x56, 0x88, 0x42,
  0xd3, 0xab, 0x44, 0x21, 0xc2, 0x9e, 0x29, 0x88, 0x5a, 0x5a, 0x04, 0x14,
  0x50, 0x01, 0x45, 0x03, 0x0a, 0x28, 0x10, 0x51, 0x40, 0x05, 0x14, 0x00,
  0x51, 0x40, 0x05, 0x14, 0x00, 0x51, 0x48, 0x0c, 0x50, 0xb4, 0x11, 0x59,
  0x1b, 0x91, 0x95, 0xa6, 0x6d, 0xaa, 0x18, 0x98, 0xa4, 0xc5, 0x30, 0x0c,
  0x53, 0xc0, 0xa0, 0x63, 0xc5, 0x48, 0x2a, 0x04, 0x2d, 0x30, 0xd0, 0x04,
  0x6c, 0x6a, 0x23, 0x5a, 0x00, 0xda, 0x5a, 0xa1, 0x12, 0x0a, 0x5c, 0xd4,
  0x80, 0x84, 0xd3, 0x09, 0xa6, 0x03, 0x0b, 0x54, 0x65, 0xaa, 0xd0, 0x00,
  0x35, 0x22, 0xd2, 0x60, 0x48, 0x2a, 0x55, 0xac, 0xd8, 0x12, 0x8a, 0x7d,
  0x64, 0x02, 0x52, 0x50, 0x02, 0x51, 0x4c, 0x62, 0xd1, 0x40, 0x0b, 0x45,
  0x21, 0x09, 0x4d, 0xa6, 0x01, 0x45, 0x00, 0x14, 0xb4, 0x00, 0xb4, 0xd3,
  0x56, 0x48, 0xc3, 0x4c, 0x35, 0x68, 0x63, 0x1a, 0xa2, 0xa0, 0x61, 0x8a,
  0x5c, 0x50, 0x31, 0x69, 0x45, 0x48, 0x0f, 0x15, 0x32, 0x54, 0x81, 0x3a,
  0xd4, 0xa2, 0xa4, 0x82, 0x45, 0xa7, 0xd2, 0x24, 0x75, 0x26, 0x28, 0x01,
  0xa6, 0x99, 0x52, 0x31, 0x28, 0xa4, 0x30, 0xa4, 0xa0, 0x61, 0x45, 0x20,
  0x12, 0x96, 0x80, 0x0a, 0x5a, 0x00, 0x75, 0x14, 0x00, 0x52, 0xd2, 0x00,
  0xa2, 0x81, 0x05, 0x2d, 0x03, 0x0a, 0x5a, 0x04, 0x25, 0x2d, 0x00, 0x14,
  0x50, 0x30, 0xa2, 0x90, 0x05, 0x25, 0x00, 0x14, 0x50, 0x01, 0x4b, 0x40,
  0x05, 0x14, 0x00, 0x51, 0x40, 0x05, 0x14, 0x00, 0xda, 0x6d, 0x52, 0x00,
  0xa2, 0xb4, 0x44, 0x8b, 0x4b, 0x56, 0x84, 0x3a, 0x9c, 0x2b, 0x44, 0x21,
  0xc2, 0x9c, 0x2a, 0x84, 0x3a, 0x8a, 0x40, 0x14, 0x50, 0x01, 0x4b, 0x40,
  0x82, 0x8a, 0x06, 0x14, 0x50, 0x20, 0xa2, 0x80, 0x0a, 0x28, 0x00, 0xa2,
  0x80, 0x0a, 0x29, 0x01, 0x95, 0x46, 0x2b, 0x9c, 0xd8, 0x6e, 0xda, 0x69,
  0x5a, 0x63, 0x1a, 0x56, 0x9b, 0xb6, 0xa8, 0x62, 0x62, 0x9d, 0x8a, 0x06,
  0x38, 0x0a, 0x75, 0x21, 0x08, 0x6a, 0x36, 0x35, 0x48, 0x44, 0x4d, 0x51,
  0x9a, 0xd0, 0x62, 0x53, 0x85, 0x50, 0x87, 0x8a, 0x53, 0x52, 0x03, 0x0d,
  0x46, 0xc6, 0xa8, 0x08, 0x89, 0xa6, 0xe6, 0xa8, 0x63, 0xc5, 0x4a, 0x95,
  0x2c, 0x09, 0x94, 0x54, 0xab, 0x59, 0x31, 0x12, 0x0a, 0x75, 0x66, 0x02,
  0x52, 0x50, 0x02, 0x52, 0xd0, 0x31, 0x69, 0x45, 0x02, 0x16, 0x8a, 0x40,
  0x25, 0x26, 0x29, 0x80, 0x98, 0xa7, 0x62, 0x80, 0x13, 0x14, 0x50, 0x02,
  0x52, 0x1a, 0xa1, 0x0c, 0x35, 0x19, 0xab, 0x18, 0xc3, 0x4d, 0xc5, 0x03,
  0x0c, 0x53, 0xb1, 0x40, 0x09, 0x4b, 0x40, 0x0f, 0x15, 0x2a, 0x54, 0x81,
  0x3a, 0xd4, 0x82, 0xa4, 0x82, 0x55, 0xa9, 0x00, 0xa4, 0x48, 0xec, 0x51,
  0x8a, 0x62, 0x1a, 0x45, 0x46, 0x45, 0x41, 0x43, 0x69, 0x29, 0x0c, 0x4a,
  0x28, 0x18, 0x52, 0x52, 0x01, 0x68, 0xa0, 0x62, 0xd2, 0xd0, 0x21, 0x68,
  0xa4, 0x01, 0x45, 0x00, 0x2d, 0x14, 0x00, 0x51, 0x40, 0x0b, 0x4b, 0x48,
  0x41, 0x45, 0x00, 0x25, 0x2d, 0x03, 0x0a, 0x28, 0x00, 0xa4, 0xa0, 0x02,
  0x8a, 0x00, 0x29, 0x68, 0x00, 0xa2, 0x90, 0x05, 0x14, 0xc0, 0x29, 0x28,
  0x01, 0xb4, 0x95, 0x48, 0x02, 0x8a, 0xd1, 0x12, 0x2d, 0x2d, 0x68, 0x84,
  0x3a, 0x9c, 0x2b, 0x42, 0x47, 0x0a, 0x7d, 0x00, 0x2d, 0x14, 0x00, 0x51,
  0x40, 0x82, 0x96, 0x80, 0x12, 0x96, 0x80, 0x0a, 0x28, 0x00, 0xa2, 0x80,
  0x0a, 0x28, 0x18, 0x51, 0x40, 0x82, 0x8a, 0x40, 0x63, 0xee, 0xa5, 0xdd,
  0x58, 0x1b, 0x86, 0xea, 0x4c, 0xd2, 0x01, 0x33, 0x49, 0x54, 0x30, 0xa5,
  0xa0, 0x07, 0x52, 0x52, 0x01, 0xa6, 0xa1, 0x63, 0x56, 0x80, 0x8c, 0xd4,
  0x75, 0xaa, 0x01, 0x45, 0x48, 0x28, 0x10, 0xea, 0x43, 0x52, 0x03, 0x1a,
  0xa1, 0x6a, 0xd1, 0x01, 0x13, 0x52, 0x0a, 0xa0, 0x26, 0x5a, 0x99, 0x45,
  0x43, 0x19, 0x32, 0xd4, 0xa2, 0xb1, 0x60, 0x3c, 0x51, 0x50, 0x02, 0x51,
  0x40, 0x82, 0x96, 0x81, 0x8b, 0x4e, 0x14, 0x89, 0x16, 0x8a, 0x40, 0x14,
  0x62, 0x80, 0x13, 0x14, 0x50, 0x30, 0xa6, 0xd0, 0x21, 0xb4, 0xda, 0xb1,
  0x8d, 0x34, 0xdc, 0x55, 0x00, 0xdc, 0x52, 0x62, 0x98, 0xc3, 0x14, 0x62,
  0x80, 0x12, 0x96, 0x81, 0x8e, 0x15, 0x2a, 0xd4, 0x88, 0x9d, 0x6a, 0x45,
  0xa9, 0x20, 0x99, 0x45, 0x4c, 0x05, 0x04, 0x8e, 0xc5, 0x18, 0xa6, 0x48,
  0xc2, 0x2a, 0x32, 0x2a, 0x4a, 0x19, 0x4d, 0x35, 0x2c, 0x63, 0x68, 0xa4,
  0x50, 0x52, 0x50, 0x01, 0x4b, 0x40, 0x0b, 0x4b, 0x48, 0x05, 0xa2, 0x80,
  0x0a, 0x5a, 0x04, 0x14, 0x50, 0x30, 0xa2, 0x81, 0x0b, 0x4b, 0x40, 0x05,
  0x14, 0x80, 0x28, 0xa0, 0x61, 0x49, 0x40, 0x05, 0x14, 0x00, 0x51, 0x40,
  0x05, 0x14, 0x00, 0xb4, 0x50, 0x01, 0x45, 0x00, 0x14, 0x94, 0x00, 0xda,
  0x4a, 0xa1, 0x05, 0x15, 0xa2, 0x10, 0xb4, 0xb5, 0xa2, 0x10, 0xe1, 0x4e,
  0x15, 0xa2, 0x10, 0xe1, 0x4f, 0xa0, 0x42, 0xd1, 0x40, 0x05, 0x14, 0x00,
  0x51, 0x40, 0x0b, 0x49, 0x48, 0x42, 0xd2, 0x53, 0x01, 0x68, 0xa0, 0x02,
  0x8a, 0x00, 0x28, 0xa0, 0x02, 0x8a, 0x00, 0xc0, 0xdd, 0x4b, 0xba, 0xb1,
  0x3a, 0x05, 0xdd, 0x46, 0x68, 0x18, 0x66, 0x94, 0x50, 0x03, 0xa9, 0x69,
  0x08, 0x5a, 0x43, 0x40, 0x11, 0x9a, 0x8c, 0xd5, 0xa0, 0x23, 0x34, 0xda,
  0xd0, 0x40, 0x29, 0xe2, 0x80, 0x1d, 0x48, 0x69, 0x01, 0x1b, 0x54, 0x2c,
  0x6a, 0xd0, 0x0c, 0xa7, 0x0a, 0xa1, 0x93, 0x20, 0xa9, 0x94, 0x56, 0x4c,
  0x09, 0x56, 0xa4, 0x15, 0x8b, 0x10, 0xfa, 0x4a, 0x90, 0x1b, 0x4b, 0x4c,
  0x02, 0x9d, 0x40, 0x0b, 0x4e, 0xa9, 0x10, 0xb4, 0x50, 0x01, 0x45, 0x21,
  0x85, 0x25, 0x00, 0x14, 0xda, 0x62, 0x1a, 0x69, 0xb5, 0x43, 0x12, 0x93,
  0x14, 0xc0, 0x4c, 0x52, 0x62, 0x98, 0x09, 0x8a, 0x29, 0x8c, 0x4c, 0x52,
  0xd0, 0x02, 0x8a, 0x91, 0x6a, 0x40, 0x98, 0x54, 0xa9, 0x52, 0x41, 0x66,
  0x31, 0x53, 0x0a, 0xa3, 0x36, 0x2d, 0x21, 0x14, 0xc4, 0x34, 0x8a, 0x8c,
  0x8a, 0x82, 0x88, 0xcd, 0x46, 0x6a, 0x4b, 0x12, 0x92, 0x90, 0xc2, 0x92,
  0x80, 0x0a, 0x75, 0x00, 0x2d, 0x14, 0x80, 0x5a, 0x29, 0x80, 0x51, 0x48,
  0x05, 0xa2, 0x80, 0x0a, 0x28, 0x10, 0xb4, 0xb4, 0x0c, 0x4a, 0x5a, 0x42,
  0x0a, 0x28, 0x18, 0x94, 0x50, 0x01, 0x4b, 0x40, 0x09, 0x45, 0x00, 0x2d,
  0x14, 0x80, 0x28, 0xa0, 0x02, 0x8a, 0x00, 0x29, 0xb4, 0xc0, 0x6d, 0x25,
  0x58, 0x85, 0xa2, 0xb4, 0x40, 0x2d, 0x2d, 0x5a, 0x24, 0x70, 0xa7, 0x56,
  0x82, 0x1c, 0x29, 0xf4, 0x08, 0x5a, 0x28, 0x00, 0xa2, 0x80, 0x0a, 0x28,
  0x00, 0xa2, 0x80, 0x0a, 0x28, 0x00, 0xa2, 0x80, 0x0a, 0x28, 0x10, 0xb4,
  0x50, 0x01, 0x45, 0x20, 0x39, 0xa0, 0xd4, 0xec, 0xd4, 0x9d, 0x22, 0xd3,
  0xa9, 0x00, 0xb4, 0xe1, 0x52, 0x03, 0xa9, 0xe2, 0x90, 0x82, 0x9a, 0x68,
  0x02, 0x36, 0xa8, 0xcd, 0x58, 0x0c, 0x34, 0x95, 0xa0, 0x85, 0x02, 0x9d,
  0x40, 0x05, 0x21, 0xa4, 0x22, 0x36, 0xa8, 0x8d, 0x68, 0x31, 0x31, 0x4f,
  0x51, 0x40, 0xc9, 0x94, 0x54, 0xab, 0x58, 0xb0, 0x25, 0x15, 0x20, 0xac,
  0xd8, 0x82, 0x92, 0x90, 0x09, 0x45, 0x30, 0x16, 0x97, 0x34, 0x80, 0x51,
  0x4e, 0xa4, 0x21, 0x73, 0x46, 0x69, 0x00, 0x66, 0x8a, 0x40, 0x14, 0x50,
  0x01, 0x4d, 0xa6, 0x31, 0x29, 0xb4, 0xc0, 0x31, 0x46, 0x29, 0x80, 0x98,
  0xa6, 0xe2, 0x98, 0x05, 0x36, 0x98, 0x05, 0x2d, 0x03, 0x14, 0x53, 0xc5,
  0x48, 0x12, 0xad, 0x4a, 0x94, 0x89, 0x2c, 0xa1, 0xa9, 0x43, 0x55, 0x19,
  0xb1, 0xd9, 0xa3, 0x34, 0xc9, 0x12, 0x98, 0x69, 0x0c, 0x89, 0xaa, 0x23,
  0x59, 0x96, 0x36, 0x92, 0x91, 0x41, 0x49, 0x40, 0x0b, 0x4b, 0x40, 0x0b,
  0x45, 0x20, 0x16, 0x8a, 0x00, 0x29, 0x68, 0x00, 0xa2, 0x80, 0x0a, 0x28,
  0x01, 0x68, 0xa4, 0x01, 0x45, 0x00, 0x2d, 0x14, 0x08, 0x4a, 0x28, 0x18,
  0xb4, 0x94, 0x00, 0x51, 0x40, 0x0b, 0x45, 0x00, 0x14, 0x52, 0x00, 0xa2,
  0x80, 0x0a, 0x6d, 0x30, 0x1b, 0x49, 0x56, 0x84, 0x2d, 0x15, 0xa2, 0x10,
  0xb4, 0xb5, 0xa2, 0x10, 0xea, 0x70, 0xab, 0x42, 0x1f, 0x4b, 0x40, 0x85,
  0xa5, 0xa0, 0x02, 0x8a, 0x00, 0x28, 0xa0, 0x41, 0x45, 0x03, 0x0a, 0x28,
  0x10, 0x51, 0x40, 0xc2, 0x8a, 0x04, 0x14, 0xb4, 0x80, 0x28, 0xa0, 0x0e,
  0x64, 0x0a, 0x7e, 0x2a, 0x4e, 0x91, 0xc0, 0x53, 0xc2, 0xd4, 0x80, 0xed,
  0xb4, 0xe0, 0x29, 0x08, 0x76, 0x29, 0x6a, 0x40, 0x4a, 0x61, 0xa6, 0x22,
  0x33, 0x4c, 0x35, 0x68, 0x63, 0x0d, 0x02, 0xb4, 0x10, 0xfa, 0x5a, 0x90,
  0x10, 0xd3, 0x0d, 0x31, 0x0c, 0x34, 0xca, 0xb1, 0x86, 0x29, 0xea, 0x29,
  0x31, 0x93, 0x28, 0xa9, 0x56, 0xb2, 0x60, 0x48, 0x29, 0xf5, 0x98, 0x84,
  0xa6, 0xd0, 0x01, 0x45, 0x30, 0x12, 0x8a, 0x00, 0x70, 0xa5, 0xcd, 0x20,
  0x0c, 0xd1, 0x40, 0x06, 0x69, 0x73, 0x48, 0x05, 0xa5, 0xa4, 0x02, 0x52,
  0x50, 0x02, 0x51, 0x4c, 0x61, 0x45, 0x02, 0x0a, 0x31, 0x4c, 0x43, 0x48,
  0xa6, 0x53, 0x18, 0x52, 0xd0, 0x31, 0xd4, 0xe1, 0x48, 0x07, 0x0a, 0x95,
  0x6a, 0x49, 0x26, 0x53, 0x52, 0x06, 0xa6, 0x48, 0xf0, 0xd4, 0xed, 0xd5,
  0x44, 0x89, 0xba, 0x93, 0x34, 0x80, 0x89, 0xaa, 0x23, 0x59, 0x96, 0x25,
  0x25, 0x03, 0x0a, 0x28, 0x00, 0xa5, 0xa0, 0x05, 0xa2, 0x90, 0x0b, 0x45,
  0x00, 0x14, 0xb4, 0x00, 0x51, 0x40, 0x05, 0x2d, 0x02, 0x0a, 0x5a, 0x00,
  0x4a, 0x28, 0x00, 0xa5, 0xa4, 0x31, 0x28, 0xa6, 0x01, 0x45, 0x00, 0x2d,
  0x25, 0x20, 0x16, 0x8a, 0x00, 0x28, 0xa4, 0x01, 0x45, 0x00, 0x25, 0x21,
  0xa6, 0x03, 0x69, 0x2a, 0xc4, 0x14, 0xb5, 0xa0, 0x85, 0xa5, 0xad, 0x04,
  0x38, 0x53, 0xaa, 0xd0, 0x87, 0xd2, 0xd0, 0x21, 0xd4, 0x50, 0x01, 0x45,
  0x00, 0x14, 0x50, 0x20, 0xa2, 0x81, 0x85, 0x14, 0x00, 0x51, 0x48, 0x41,
  0x45, 0x30, 0x0a, 0x5a, 0x40, 0x14, 0x50, 0x07, 0x3c, 0x05, 0x3f, 0x6d,
  0x66, 0x74, 0x92, 0x2a, 0xd3, 0xf6, 0xd4, 0x88, 0x31, 0x45, 0x21, 0x05,
  0x14, 0x0c, 0x69, 0xa6, 0x1a, 0x60, 0x30, 0xd3, 0x0d, 0x68, 0x21, 0x94,
  0xb5, 0x62, 0x1d, 0x46, 0x6a, 0x46, 0x25, 0x30, 0xd3, 0x10, 0xd3, 0x4d,
  0xaa, 0x18, 0xe0, 0x2a, 0x40, 0x29, 0x31, 0x92, 0xa8, 0xa9, 0x00, 0xac,
  0x98, 0x12, 0x52, 0xd6, 0x62, 0x1b, 0x49, 0x4c, 0x02, 0x92, 0x98, 0x09,
  0x45, 0x00, 0x2d, 0x19, 0xa0, 0x03, 0x34, 0x66, 0x80, 0x17, 0x34, 0xb4,
  0x80, 0x5a, 0x5a, 0x40, 0x25, 0x14, 0x0c, 0x29, 0x68, 0x10, 0x51, 0x40,
  0x85, 0xa2, 0x98, 0x0d, 0x34, 0xca, 0x60, 0x25, 0x2d, 0x03, 0x1d, 0x4b,
  0x48, 0x07, 0x8a, 0x78, 0xa9, 0x11, 0x26, 0x69, 0xc0, 0xd0, 0x21, 0xdb,
  0xa9, 0x77, 0x50, 0x48, 0xbb, 0xa9, 0x37, 0x50, 0x31, 0xa4, 0xd4, 0x75,
  0x23, 0x0a, 0x4a, 0x00, 0x28, 0xa0, 0x61, 0x4b, 0x40, 0x0b, 0x45, 0x20,
  0x16, 0x8a, 0x40, 0x14, 0xb4, 0xc4, 0x14, 0x52, 0x00, 0xa5, 0xa0, 0x02,
  0x96, 0x80, 0x12, 0x8a, 0x00, 0x28, 0xa0, 0x61, 0x45, 0x00, 0x14, 0xb4,
  0x00, 0x51, 0x40, 0x82, 0x8a, 0x06, 0x14, 0x52, 0x00, 0xa2, 0x80, 0x12,
  0x9b, 0x4c, 0x04, 0xa4, 0xad, 0x04, 0x14, 0x56, 0x88, 0x43, 0xa9, 0x6a,
  0xc4, 0x3a, 0x9c, 0x2a, 0xc4, 0x3c, 0x53, 0xa8, 0x10, 0xb4, 0x50, 0x01,
  0x45, 0x00, 0x14, 0x50, 0x01, 0x45, 0x00, 0x14, 0x50, 0x01, 0x45, 0x02,
  0x0a, 0x5a, 0x00, 0x28, 0xa0, 0x02, 0x8a, 0x00, 0xe7, 0x81, 0xa9, 0x16,
  0xb3, 0x3a, 0x49, 0x96, 0x9d, 0x50, 0x48, 0x94, 0x54, 0x80, 0x94, 0x53,
  0x01, 0xa6, 0x98, 0x69, 0x80, 0xc3, 0x4d, 0xad, 0x10, 0xc6, 0xd1, 0x54,
  0x21, 0xd4, 0x94, 0x80, 0x43, 0x4d, 0xa6, 0x03, 0x68, 0xc5, 0x30, 0x1e,
  0x05, 0x3c, 0x0a, 0x91, 0x92, 0x81, 0x52, 0x0a, 0xc9, 0x88, 0x75, 0x25,
  0x48, 0x09, 0x49, 0x4c, 0x62, 0x53, 0x69, 0x88, 0x4a, 0x5a, 0x63, 0x13,
  0x34, 0x99, 0xa6, 0x20, 0xcd, 0x19, 0xa0, 0x07, 0x53, 0xaa, 0x40, 0x75,
  0x25, 0x21, 0x8b, 0x4b, 0x48, 0x07, 0x53, 0x80, 0xa0, 0x42, 0xe2, 0x93,
  0x14, 0xc9, 0x0c, 0x52, 0x1a, 0x00, 0x61, 0xa6, 0x9a, 0x63, 0x12, 0x94,
  0x50, 0x31, 0xc2, 0x9d, 0x52, 0x21, 0xc2, 0x9c, 0x29, 0x00, 0xfa, 0x5a,
  0x04, 0x2d, 0x2d, 0x02, 0x12, 0x93, 0x34, 0x86, 0x25, 0x25, 0x20, 0x0a,
  0x4a, 0x06, 0x14, 0xb4, 0x00, 0x52, 0xd0, 0x02, 0xd1, 0x48, 0x42, 0xd1,
  0x40, 0x05, 0x14, 0x0c, 0x5a, 0x28, 0x00, 0xa5, 0xa0, 0x41, 0x45, 0x20,
  0x0a, 0x28, 0x18, 0x51, 0x40, 0x05, 0x14, 0xc0, 0x5a, 0x29, 0x00, 0x51,
  0x40, 0x05, 0x14, 0x00, 0x51, 0x40, 0x05, 0x14, 0x80, 0x4a, 0x6d, 0x50,
  0x0d, 0xa2, 0xad, 0x08, 0x28, 0xad, 0x04, 0x2d, 0x3a, 0xb4, 0x42, 0x1d,
  0x4e, 0xaa, 0x10, 0xf1, 0x4e, 0xa0, 0x41, 0x45, 0x00, 0x2d, 0x14, 0x08,
  0x28, 0xa0, 0x61, 0x45, 0x00, 0x14, 0x50, 0x01, 0x45, 0x02, 0x0a, 0x28,
  0x18, 0x52, 0xd0, 0x01, 0x45, 0x02, 0x39, 0xb1, 0x52, 0xa5, 0x41, 0xd0,
  0x4c, 0x0d, 0x3a, 0xb3, 0x10, 0xb4, 0x95, 0x20, 0x25, 0x14, 0xc6, 0x21,
  0xa6, 0x1a, 0x68, 0x06, 0x1a, 0x61, 0xad, 0x00, 0x6d, 0x38, 0x55, 0x08,
  0x5a, 0x29, 0x00, 0x94, 0xda, 0x60, 0x26, 0x29, 0x71, 0x4c, 0x07, 0x81,
  0x4f, 0x02, 0xb3, 0x02, 0x40, 0x2a, 0x41, 0x59, 0x80, 0x52, 0x50, 0x03,
  0x69, 0x29, 0x80, 0x94, 0xd3, 0x4c, 0x62, 0x52, 0x53, 0x01, 0xb9, 0xa4,
  0xcd, 0x50, 0x83, 0x34, 0xa2, 0x81, 0x92, 0x0a, 0x75, 0x40, 0x0e, 0xa2,
  0x90, 0x85, 0x14, 0xea, 0x40, 0x38, 0x54, 0x82, 0x90, 0x82, 0x8c, 0x55,
  0x12, 0x14, 0xd3, 0x48, 0x64, 0x66, 0x9a, 0x69, 0x8c, 0x65, 0x38, 0x50,
  0x31, 0xf4, 0xb5, 0x22, 0x1e, 0x29, 0xd5, 0x20, 0x3a, 0x96, 0x98, 0x85,
  0xa2, 0x80, 0x12, 0x92, 0x90, 0x09, 0x45, 0x21, 0x89, 0x45, 0x00, 0x14,
  0xb4, 0x00, 0x53, 0xa9, 0x00, 0x52, 0xd0, 0x21, 0x29, 0x68, 0x18, 0x51,
  0x40, 0x0b, 0x45, 0x20, 0x0a, 0x5a, 0x04, 0x14, 0x50, 0x01, 0x45, 0x03,
  0x0a, 0x28, 0x00, 0xa2, 0x80, 0x16, 0x8a, 0x00, 0x28, 0xa0, 0x41, 0x45,
  0x21, 0x85, 0x14, 0x00, 0x51, 0x40, 0x0d, 0x34, 0xda, 0xa0, 0x12, 0x92,
  0xad, 0x08, 0x5a, 0x2b, 0x44, 0x21, 0x69, 0xd5, 0xa0, 0x87, 0x0a, 0x78,
  0xaa, 0x10, 0xea, 0x75, 0x02, 0x0a, 0x28, 0x01, 0x68, 0xa4, 0x20, 0xa2,
  0x98, 0xc2, 0x8a, 0x00, 0x28, 0xa0, 0x02, 0x8a, 0x42, 0x16, 0x8a, 0x63,
  0x0a, 0x29, 0x08, 0x28, 0xa6, 0x07, 0x38, 0xb5, 0x20, 0xac, 0xce, 0x82,
  0x41, 0x4f, 0xa8, 0x10, 0xb4, 0x52, 0x18, 0x52, 0x50, 0x02, 0x1a, 0x61,
  0xa6, 0x84, 0x30, 0xd4, 0x66, 0xb5, 0x43, 0x1b, 0x4e, 0x15, 0x44, 0x8b,
  0x45, 0x21, 0x89, 0x45, 0x00, 0x2d, 0x38, 0x0a, 0x40, 0x3a, 0x9e, 0x05,
  0x66, 0x31, 0xf4, 0xea, 0x81, 0x05, 0x36, 0x80, 0x12, 0x92, 0xa8, 0x04,
  0x34, 0xc3, 0x4c, 0x62, 0x52, 0x55, 0x00, 0xd3, 0x4d, 0xa6, 0x21, 0x69,
  0xe2, 0x80, 0x1e, 0x29, 0xc2, 0xa0, 0x63, 0xa9, 0x6a, 0x44, 0x38, 0x0a,
  0x7e, 0x29, 0x08, 0x70, 0x14, 0xea, 0x04, 0x2e, 0x28, 0xa6, 0x20, 0x35,
  0x19, 0xa0, 0x08, 0xe9, 0xa6, 0x98, 0xc4, 0xa5, 0xa4, 0x31, 0xd4, 0xea,
  0x40, 0x38, 0x53, 0xea, 0x44, 0x2d, 0x14, 0x00, 0xb4, 0x53, 0x01, 0x28,
  0xa4, 0x02, 0x51, 0x48, 0x62, 0x51, 0x40, 0x05, 0x2d, 0x20, 0x0a, 0x75,
  0x00, 0x14, 0xb4, 0x08, 0x28, 0xa0, 0x61, 0x45, 0x02, 0x16, 0x8a, 0x00,
  0x29, 0x69, 0x00, 0x51, 0x4c, 0x61, 0x45, 0x20, 0x0a, 0x28, 0x10, 0x52,
  0xd0, 0x30, 0xa2, 0x81, 0x05, 0x14, 0x0c, 0x28, 0xa4, 0x01, 0x45, 0x00,
  0x14, 0x50, 0x03, 0x69, 0xa6, 0xa8, 0x06, 0xd1, 0x5a, 0x08, 0x5a, 0x2b,
  0x44, 0x21, 0xd4, 0xb5, 0x64, 0x8e, 0xa7, 0x8a, 0xa1, 0x0f, 0x14, 0xb4,
  0x00, 0x52, 0xd0, 0x01, 0x45, 0x21, 0x05, 0x14, 0x00, 0x51, 0x4c, 0x61,
  0x45, 0x00, 0x14, 0xb4, 0x00, 0x51, 0x40, 0x82, 0x8a, 0x06, 0x14, 0x52,
  0x11, 0x81, 0xb6, 0x97, 0x15, 0x91, 0xd0, 0x3c, 0x53, 0xc5, 0x21, 0x0e,
  0xa4, 0xa4, 0x01, 0x45, 0x21, 0x8d, 0x35, 0x1b, 0x55, 0xa1, 0x0c, 0x35,
  0x19, 0xad, 0x50, 0x0c, 0xa7, 0x66, 0xa8, 0x42, 0xe6, 0x8a, 0x90, 0x14,
  0x52, 0xd2, 0x18, 0xe1, 0x4f, 0x15, 0x23, 0x17, 0x15, 0x20, 0xa8, 0x10,
  0xea, 0x5a, 0x90, 0x1b, 0x48, 0x68, 0x18, 0x94, 0x95, 0x42, 0x18, 0x69,
  0xb5, 0x48, 0x62, 0x52, 0x53, 0x10, 0xda, 0x5c, 0x53, 0x01, 0xc0, 0x53,
  0xb1, 0x48, 0x07, 0x62, 0x9c, 0x05, 0x40, 0x0f, 0xc5, 0x2e, 0x29, 0x08,
  0x78, 0xa7, 0x01, 0x52, 0x03, 0xc0, 0xa7, 0x50, 0x21, 0x69, 0x28, 0x10,
  0xd3, 0x51, 0x9a, 0xa0, 0x19, 0x4c, 0x34, 0xc6, 0x14, 0xb4, 0x0c, 0x5a,
  0x70, 0xa8, 0x10, 0xf1, 0x4b, 0x48, 0x05, 0xa5, 0xa6, 0x02, 0xd1, 0x48,
  0x04, 0xa4, 0xa4, 0x01, 0x45, 0x03, 0x12, 0x8a, 0x00, 0x5a, 0x29, 0x00,
  0xb4, 0xb4, 0x00, 0xb4, 0x50, 0x20, 0xa2, 0x80, 0x0a, 0x28, 0x01, 0x68,
  0xa0, 0x02, 0x8a, 0x43, 0x16, 0x8a, 0x60, 0x14, 0x52, 0x10, 0xb4, 0x94,
  0x00, 0xb4, 0x50, 0x30, 0xa2, 0x80, 0x0a, 0x28, 0x00, 0xa5, 0xa4, 0x02,
  0x51, 0x40, 0x05, 0x14, 0xc0, 0x69, 0xa6, 0x55, 0x20, 0x12, 0x8a, 0xb4,
  0x21, 0x68, 0xad, 0x10, 0x87, 0x52, 0xd5, 0x92, 0x38, 0x53, 0xc5, 0x50,
  0x87, 0x0a, 0x75, 0x00, 0x14, 0x50, 0x02, 0xd1, 0x40, 0x05, 0x14, 0x08,
  0x28, 0xa0, 0x61, 0x45, 0x20, 0x16, 0x8a, 0x62, 0x0a, 0x28, 0x00, 0xa2,
  0x80, 0x0a, 0x28, 0x03, 0x16, 0x8c, 0x56, 0x06, 0xe2, 0x81, 0x4e, 0xa4,
  0x02, 0xd2, 0x52, 0x00, 0xa2, 0x81, 0x8d, 0x35, 0x19, 0xab, 0x42, 0x23,
  0x6a, 0x88, 0xd6, 0xa8, 0x64, 0x79, 0xa3, 0x35, 0x62, 0x1c, 0x0d, 0x3c,
  0x54, 0x80, 0xf1, 0x4e, 0xa8, 0x01, 0xd4, 0xe1, 0x52, 0x31, 0xe2, 0x9f,
  0x50, 0x21, 0x69, 0x29, 0x00, 0x94, 0x94, 0xc0, 0x4a, 0x69, 0xa6, 0x03,
  0x0d, 0x25, 0x50, 0xc6, 0xd3, 0x6a, 0x84, 0x28, 0xa7, 0x81, 0x4c, 0x07,
  0x81, 0x4e, 0xc5, 0x43, 0x10, 0xb8, 0xa7, 0xe2, 0xa0, 0x05, 0xa7, 0x62,
  0xa4, 0x07, 0x53, 0x85, 0x20, 0x1d, 0x4e, 0xa0, 0x41, 0x49, 0x4c, 0x43,
  0x5a, 0xa3, 0x35, 0x40, 0x30, 0xd3, 0x28, 0x18, 0x52, 0xd0, 0x31, 0x69,
  0xe2, 0xa4, 0x07, 0x51, 0x48, 0x42, 0xd1, 0x40, 0x0b, 0x4b, 0x40, 0x09,
  0x45, 0x21, 0x85, 0x14, 0x84, 0x25, 0x14, 0xc6, 0x14, 0xb4, 0x00, 0xb4,
  0xb4, 0x84, 0x2d, 0x14, 0x00, 0x51, 0x40, 0xc2, 0x8a, 0x00, 0x5a, 0x29,
  0x00, 0xb4, 0x50, 0x20, 0xa2, 0x80, 0x0a, 0x28, 0x18, 0x51, 0x40, 0x05,
  0x2d, 0x30, 0x0a, 0x29, 0x00, 0x51, 0x40, 0x0b, 0x45, 0x02, 0x12, 0x8a,
  0x43, 0x0a, 0x4a, 0x60, 0x34, 0xd3, 0x69, 0x80, 0x94, 0x56, 0xa8, 0x42,
  0xd1, 0x56, 0x21, 0xd4, 0xb5, 0xa2, 0x24, 0x78, 0xa7, 0x0a, 0xa1, 0x0e,
  0xa7, 0x52, 0x00, 0xa5, 0xa0, 0x41, 0x45, 0x00, 0x14, 0x50, 0x01, 0x45,
  0x00, 0x2d, 0x25, 0x20, 0x16, 0x8a, 0x60, 0x14, 0x50, 0x01, 0x45, 0x00,
  0x14, 0x50, 0x06, 0x2d, 0x15, 0x81, 0xd0, 0x38, 0x53, 0xa9, 0x08, 0x29,
  0x29, 0x00, 0x51, 0x40, 0x0d, 0x34, 0xc3, 0x56, 0x32, 0x26, 0xa8, 0x9a,
  0xb5, 0x42, 0x22, 0x34, 0x82, 0xb5, 0x18, 0xf1, 0x52, 0x0a, 0xcd, 0x88,
  0x90, 0x53, 0x85, 0x43, 0x18, 0xfa, 0x78, 0xac, 0xc4, 0x3a, 0x96, 0xa4,
  0x05, 0xa4, 0xa0, 0x06, 0xd2, 0x53, 0x00, 0xa6, 0xd3, 0x01, 0xa6, 0x93,
  0x15, 0x43, 0x1a, 0x69, 0xb8, 0xa6, 0x21, 0xca, 0x2a, 0x40, 0xb5, 0x42,
  0x24, 0x02, 0x9f, 0x8a, 0x86, 0x21, 0x71, 0x46, 0x2b, 0x31, 0x8b, 0x4e,
  0xa9, 0x01, 0x69, 0x69, 0x00, 0xea, 0x5a, 0x00, 0x29, 0x29, 0x88, 0x63,
  0x54, 0x66, 0xa8, 0x06, 0x1a, 0x4a, 0x63, 0x0a, 0x5a, 0x00, 0x5a, 0x78,
  0xa9, 0x01, 0xd4, 0x52, 0x10, 0x52, 0xd0, 0x31, 0x69, 0x69, 0x08, 0x4a,
  0x28, 0x00, 0xa2, 0x90, 0xc4, 0xa2, 0x98, 0x0b, 0x4b, 0x40, 0x0b, 0x45,
  0x21, 0x0b, 0x45, 0x03, 0x0a, 0x28, 0x10, 0x51, 0x48, 0x62, 0xd1, 0x40,
  0x05, 0x2d, 0x02, 0x0a, 0x28, 0x18, 0x52, 0xd0, 0x01, 0x45, 0x02, 0x0a,
  0x28, 0x18, 0x51, 0x40, 0x85, 0xa4, 0xa0, 0x62, 0xd2, 0x52, 0x00, 0xa2,
  0x80, 0x0a, 0x4a, 0x60, 0x34, 0xd3, 0x6a, 0x80, 0x4a, 0x2b, 0x44, 0x21,
  0x68, 0xad, 0x11, 0x23, 0xa9, 0xc2, 0xac, 0x43, 0x85, 0x3c, 0x55, 0x00,
  0xea, 0x5a, 0x42, 0x0a, 0x5a, 0x00, 0x28, 0xa4, 0x20, 0xa2, 0x80, 0x0a,
  0x29, 0x8c, 0x5a, 0x28, 0x10, 0x51, 0x40, 0xc2, 0x8a, 0x04, 0x14, 0x50,
  0x01, 0x45, 0x20, 0x30, 0xf3, 0x4b, 0x59, 0x1d, 0x03, 0x96, 0x9f, 0x50,
  0x21, 0x28, 0xa0, 0x61, 0x45, 0x02, 0x1b, 0x4d, 0x35, 0x40, 0x46, 0x6a,
  0x33, 0x5a, 0xa0, 0x23, 0x22, 0x93, 0x6d, 0x68, 0x03, 0x80, 0xa7, 0x81,
  0x52, 0x03, 0xc0, 0xa9, 0x00, 0xac, 0xd8, 0xc7, 0x01, 0x4f, 0x02, 0xa0,
  0x42, 0xd2, 0xd4, 0x80, 0x53, 0x69, 0x00, 0x94, 0x95, 0x40, 0x14, 0x94,
  0xc0, 0x4c, 0x51, 0x8a, 0x00, 0x69, 0x14, 0x80, 0x55, 0x01, 0x22, 0xad,
  0x4a, 0x16, 0xa8, 0x81, 0xf8, 0xa5, 0xc5, 0x4b, 0x10, 0xec, 0x52, 0x62,
  0xb3, 0x65, 0x21, 0x29, 0x6a, 0x06, 0x2d, 0x14, 0x00, 0xb4, 0x52, 0x00,
  0xcd, 0x21, 0x34, 0xc0, 0x8c, 0x9a, 0x65, 0x58, 0x09, 0x4d, 0xa6, 0x02,
  0xd2, 0xd0, 0x02, 0x8a, 0x78, 0xa9, 0x01, 0x69, 0x69, 0x08, 0x29, 0x68,
  0x18, 0xb4, 0x52, 0x00, 0xa2, 0x90, 0x05, 0x14, 0xc4, 0x25, 0x2d, 0x03,
  0x0a, 0x5a, 0x40, 0x2d, 0x2d, 0x02, 0x0a, 0x28, 0x18, 0x51, 0x40, 0x85,
  0xa2, 0x90, 0x05, 0x2d, 0x31, 0x85, 0x14, 0x84, 0x14, 0x50, 0x01, 0x45,
  0x03, 0x16, 0x8a, 0x04, 0x14, 0x50, 0x01, 0x45, 0x00, 0x14, 0x50, 0x01,
  0x4b, 0x40, 0xc2, 0x92, 0x90, 0x05, 0x36, 0x98, 0x08, 0x69, 0xb5, 0x42,
  0x12, 0x8a, 0xd0, 0x42, 0xd2, 0xd6, 0x88, 0x42, 0xd3, 0x85, 0x58, 0x87,
  0x0a, 0x78, 0xa6, 0x21, 0xd4, 0xb4, 0x08, 0x29, 0x68, 0x18, 0x51, 0x48,
  0x41, 0x45, 0x30, 0x0a, 0x5a, 0x00, 0x28, 0xa0, 0x02, 0x8a, 0x00, 0x28,
  0xa0, 0x02, 0x96, 0x80, 0x12, 0x96, 0x90, 0x18, 0x14, 0xe1, 0x59, 0x9d,
  0x03, 0xc5, 0x3a, 0xb3, 0x10, 0x51, 0x40, 0x05, 0x14, 0xc0, 0x4a, 0x61,
  0xaa, 0x02, 0x33, 0x4c, 0x35, 0xa2, 0x01, 0xb8, 0xa3, 0x15, 0x40, 0x3c,
  0x0a, 0x70, 0x15, 0x0c, 0x07, 0x81, 0x4f, 0x02, 0xb3, 0x01, 0xd4, 0xea,
  0x90, 0x0a, 0x28, 0x01, 0x0d, 0x25, 0x00, 0x25, 0x14, 0xc0, 0x29, 0x28,
  0x01, 0x71, 0x49, 0x4c, 0x06, 0xd2, 0x81, 0x4c, 0x09, 0x54, 0x54, 0x80,
  0x55, 0x19, 0x8e, 0xa7, 0x01, 0x52, 0x02, 0xe2, 0x9a, 0x6a, 0x19, 0x43,
  0x68, 0xa8, 0x18, 0xb4, 0x50, 0x01, 0x45, 0x20, 0x12, 0x9a, 0x6a, 0x84,
  0x30, 0xd3, 0x6a, 0x86, 0x25, 0x14, 0xc0, 0x29, 0x68, 0x01, 0xc2, 0x9f,
  0x52, 0x01, 0x4b, 0x48, 0x41, 0x4b, 0x40, 0xc5, 0xa5, 0xa4, 0x21, 0x28,
  0xa0, 0x02, 0x8a, 0x06, 0x25, 0x2d, 0x00, 0x2d, 0x14, 0x80, 0x5a, 0x5a,
  0x04, 0x14, 0x50, 0x02, 0xd2, 0x50, 0x31, 0x68, 0xa4, 0x01, 0x4b, 0x40,
  0x82, 0x8a, 0x00, 0x29, 0x68, 0x01, 0x28, 0xa0, 0x62, 0xd1, 0x40, 0x82,
  0x8a, 0x00, 0x5a, 0x29, 0x0c, 0x29, 0x29, 0x80, 0xb4, 0x50, 0x20, 0xa4,
  0xa0, 0x02, 0x9a, 0x68, 0x18, 0xda, 0x4a, 0xb1, 0x09, 0x45, 0x68, 0x21,
  0x69, 0x6a, 0xd0, 0x85, 0xa7, 0xd5, 0x88, 0x70, 0xa7, 0xd5, 0x08, 0x5a,
  0x5a, 0x40, 0x14, 0x50, 0x02, 0xd1, 0x48, 0x42, 0xd1, 0x40, 0x05, 0x14,
  0x00, 0x51, 0x40, 0x05, 0x14, 0xc0, 0x28, 0xa4, 0x01, 0x4b, 0x40, 0x05,
  0x14, 0x01, 0x81, 0x4a, 0x2b, 0x33, 0x71, 0xd9, 0xa5, 0x15, 0x20, 0x3e,
  0x8a, 0x90, 0x03, 0x4d, 0xa6, 0x03, 0x49, 0xa6, 0x93, 0x56, 0x03, 0x0d,
  0x36, 0xac, 0x04, 0xa7, 0x0a, 0x00, 0x78, 0xa7, 0x81, 0x50, 0x03, 0xc0,
  0xa7, 0x62, 0xa0, 0x05, 0xa2, 0x90, 0x05, 0x2d, 0x00, 0x36, 0x92, 0x80,
  0x12, 0x8a, 0x60, 0x3a, 0x8c, 0x52, 0x01, 0xd8, 0xa6, 0x91, 0x48, 0x43,
  0x71, 0x4f, 0x02, 0xa8, 0x09, 0x00, 0xa7, 0x55, 0x90, 0x3a, 0x9d, 0x48,
  0x05, 0xa6, 0x1a, 0x86, 0x31, 0x94, 0x54, 0x94, 0x2d, 0x14, 0x80, 0x29,
  0x28, 0x00, 0xa6, 0x1a, 0x62, 0x19, 0x49, 0x56, 0x31, 0x29, 0x68, 0x00,
  0xa5, 0xa4, 0x03, 0x85, 0x3a, 0x90, 0x05, 0x2d, 0x20, 0x16, 0x8a, 0x42,
  0x16, 0x8a, 0x00, 0x5a, 0x4a, 0x40, 0x14, 0x50, 0x30, 0xa2, 0x98, 0x0b,
  0x4b, 0x48, 0x05, 0xa2, 0x81, 0x05, 0x14, 0x86, 0x14, 0xb4, 0x00, 0x51,
  0x40, 0x85, 0xa2, 0x81, 0x85, 0x14, 0x08, 0x29, 0x68, 0x18, 0x51, 0x40,
  0x82, 0x8a, 0x06, 0x14, 0x50, 0x02, 0xd1, 0x48, 0x42, 0x52, 0xd0, 0x31,
  0x29, 0x68, 0x00, 0xa4, 0xa0, 0x41, 0x4d, 0xa6, 0x31, 0xb4, 0x95, 0x62,
  0x12, 0x8a, 0xd0, 0x42, 0xd2, 0xd5, 0xa1, 0x0e, 0x14, 0xea, 0xd0, 0x43,
  0xc5, 0x3a, 0x81, 0x0b, 0x4b, 0x40, 0x05, 0x2d, 0x00, 0x14, 0x50, 0x01,
  0x45, 0x00, 0x2d, 0x14, 0x84, 0x14, 0x50, 0x01, 0x45, 0x00, 0x2d, 0x14,
  0x08, 0x4a, 0x5a, 0x06, 0x14, 0x50, 0x23, 0x9f, 0xa5, 0xcd, 0x66, 0x74,
  0x06, 0x69, 0xeb, 0x52, 0x31, 0xf4, 0xb5, 0x22, 0x1a, 0x4d, 0x34, 0x9a,
  0xa0, 0x18, 0x4d, 0x30, 0x9a, 0xd0, 0x06, 0x93, 0x49, 0x9a, 0xb1, 0x0b,
  0x4f, 0x15, 0x23, 0x1e, 0xb5, 0x28, 0xac, 0xd8, 0x0e, 0xa2, 0xa0, 0x05,
  0xa2, 0x80, 0x16, 0x92, 0x90, 0x09, 0x4d, 0xa6, 0x01, 0x4b, 0x4c, 0x07,
  0x0a, 0x70, 0xa9, 0x10, 0xb4, 0x62, 0x90, 0x0d, 0xc5, 0x3d, 0x45, 0x50,
  0x12, 0x01, 0x4b, 0x8a, 0xa2, 0x02, 0x96, 0x80, 0x0a, 0x61, 0xa4, 0xc6,
  0x32, 0x96, 0xa0, 0xa0, 0xa2, 0x90, 0x05, 0x25, 0x00, 0x25, 0x34, 0xd3,
  0x01, 0xb4, 0x95, 0x40, 0x14, 0x53, 0x00, 0xa7, 0x52, 0x01, 0xc2, 0x96,
  0x90, 0x85, 0xa2, 0x90, 0xc5, 0xa5, 0xa4, 0x01, 0x4b, 0x48, 0x04, 0xa2,
  0x98, 0x05, 0x25, 0x00, 0x2d, 0x2d, 0x20, 0x0a, 0x5a, 0x00, 0x5a, 0x28,
  0x10, 0x51, 0x40, 0x05, 0x2d, 0x00, 0x14, 0x52, 0x18, 0xb4, 0x50, 0x20,
  0xa2, 0x80, 0x0a, 0x5a, 0x00, 0x28, 0xa0, 0x02, 0x8a, 0x00, 0x29, 0x68,
  0x00, 0xa2, 0x90, 0xc2, 0x8a, 0x00, 0x29, 0x29, 0x80, 0x51, 0x48, 0x42,
  0x52, 0x55, 0x00, 0xda, 0x6d, 0x5a, 0x00, 0xa2, 0xb4, 0x42, 0x16, 0x96,
  0xac, 0x43, 0xa9, 0xc2, 0xac, 0x43, 0xc5, 0x3a, 0x81, 0x0e, 0xa2, 0x81,
  0x05, 0x14, 0x0c, 0x5a, 0x29, 0x08, 0x29, 0x69, 0x80, 0x51, 0x48, 0x02,
  0x8a, 0x60, 0x14, 0x52, 0x00, 0xa2, 0x80, 0x16, 0x8a, 0x04, 0x14, 0x50,
  0x07, 0x37, 0xba, 0x97, 0x35, 0x27, 0x40, 0xa2, 0xa4, 0x15, 0x23, 0x24,
  0x14, 0xa6, 0xa0, 0x44, 0x66, 0x98, 0x4d, 0x5a, 0x02, 0x32, 0x69, 0x84,
  0xd6, 0xa0, 0x33, 0x75, 0x1b, 0xaa, 0x80, 0x7a, 0x9a, 0x91, 0x6a, 0x18,
  0x12, 0xad, 0x48, 0x2b, 0x26, 0x03, 0xe8, 0xa8, 0x01, 0x68, 0xa4, 0x02,
  0xd3, 0x69, 0x80, 0x94, 0x94, 0xc0, 0x5a, 0x5a, 0x40, 0x2d, 0x3c, 0x54,
  0x88, 0x5a, 0x28, 0x01, 0x29, 0xcb, 0x40, 0x0f, 0xa7, 0x55, 0x88, 0x28,
  0xa6, 0x48, 0x86, 0x98, 0x69, 0x0d, 0x0c, 0xa5, 0xa9, 0x28, 0x5a, 0x4a,
  0x40, 0x25, 0x14, 0x00, 0x86, 0x98, 0x69, 0x80, 0x94, 0x55, 0x00, 0x52,
  0xd2, 0x00, 0xa5, 0x14, 0x00, 0xfa, 0x5a, 0x90, 0x0a, 0x5a, 0x40, 0x2d,
  0x14, 0x08, 0x29, 0x69, 0x00, 0x94, 0x53, 0x18, 0x51, 0x48, 0x02, 0x96,
  0x80, 0x0a, 0x5a, 0x00, 0x5a, 0x29, 0x08, 0x28, 0xa6, 0x31, 0x68, 0xa4,
  0x01, 0x45, 0x02, 0x16, 0x8a, 0x00, 0x28, 0xa0, 0x62, 0xd1, 0x40, 0x82,
  0x8a, 0x06, 0x14, 0x52, 0x01, 0x68, 0xa0, 0x41, 0x45, 0x03, 0x0a, 0x28,
  0x00, 0xa4, 0xa0, 0x41, 0x45, 0x30, 0x12, 0x92, 0x98, 0xc6, 0x9a, 0x6d,
  0x58, 0x84, 0xa5, 0xad, 0x04, 0x2d, 0x2d, 0x58, 0x87, 0x53, 0xea, 0xc4,
  0x38, 0x53, 0xa8, 0x10, 0xea, 0x28, 0x00, 0xa2, 0x80, 0x16, 0x8a, 0x04,
  0x14, 0x50, 0x31, 0x68, 0xa0, 0x41, 0x45, 0x00, 0x14, 0x52, 0x00, 0xa5,
  0xa6, 0x01, 0x45, 0x00, 0x14, 0x52, 0x03, 0x96, 0xcd, 0x3a, 0x91, 0xb9,
  0x22, 0xd4, 0xab, 0x50, 0xc6, 0x3e, 0x90, 0x9a, 0x91, 0x0c, 0x35, 0x19,
  0xad, 0x10, 0x11, 0xb5, 0x44, 0xc6, 0xb5, 0x40, 0x30, 0x9a, 0x01, 0xad,
  0x00, 0x91, 0x4d, 0x4c, 0xb5, 0x93, 0x02, 0x55, 0xa9, 0x45, 0x60, 0xc0,
  0x90, 0x52, 0xd4, 0x00, 0x52, 0xd2, 0x00, 0xa6, 0xd0, 0x02, 0x52, 0x55,
  0x00, 0xb4, 0xb4, 0x80, 0x70, 0xa7, 0x0a, 0x42, 0x16, 0x92, 0x90, 0x05,
  0x28, 0xa0, 0x07, 0x66, 0x97, 0x34, 0xc4, 0x3b, 0x34, 0xb5, 0x62, 0x1a,
  0x6a, 0x33, 0x52, 0x31, 0x29, 0x68, 0x18, 0x1a, 0x6d, 0x20, 0x0a, 0x33,
  0x40, 0x0d, 0x34, 0xda, 0x60, 0x14, 0x50, 0x01, 0x4b, 0x40, 0x0b, 0x4e,
  0x14, 0x84, 0x2d, 0x2d, 0x21, 0x8b, 0x45, 0x20, 0x16, 0x8a, 0x00, 0x5a,
  0x29, 0x00, 0x94, 0x50, 0x01, 0x45, 0x00, 0x14, 0xb4, 0x00, 0xb4, 0xb4,
  0x08, 0x28, 0xa0, 0x61, 0x45, 0x00, 0x2d, 0x14, 0x80, 0x29, 0x68, 0x10,
  0x51, 0x40, 0x05, 0x2d, 0x03, 0x0a, 0x28, 0x10, 0x51, 0x40, 0xc2, 0x8a,
  0x40, 0x2d, 0x25, 0x00, 0x2d, 0x14, 0x00, 0x94, 0xb4, 0x00, 0x51, 0x40,
  0x84, 0xa2, 0x98, 0xc4, 0xa6, 0xd5, 0x08, 0x6d, 0x25, 0x5a, 0x01, 0x29,
  0x6a, 0xc4, 0x2d, 0x3a, 0xac, 0x43, 0x85, 0x3a, 0xac, 0x43, 0xa9, 0xd4,
  0x08, 0x5a, 0x5a, 0x00, 0x5a, 0x28, 0x00, 0xa2, 0x90, 0x05, 0x14, 0xc0,
  0x5a, 0x29, 0x08, 0x28, 0xa6, 0x01, 0x45, 0x00, 0x2d, 0x14, 0x84, 0x14,
  0x50, 0x01, 0x4b, 0x40, 0xce, 0x50, 0x53, 0x85, 0x07, 0x41, 0x2a, 0xd4,
  0xa2, 0xb3, 0x10, 0xea, 0x69, 0xa4, 0x03, 0x0d, 0x30, 0xd6, 0x88, 0x08,
  0xcd, 0x30, 0x8a, 0xd1, 0x00, 0xc2, 0x29, 0x31, 0x54, 0x03, 0xc5, 0x4c,
  0xb5, 0x0c, 0x09, 0x56, 0xa5, 0x5a, 0xc5, 0x81, 0x28, 0xa5, 0xac, 0xc0,
  0x29, 0x69, 0x00, 0x94, 0x94, 0xc0, 0x6d, 0x14, 0xc0, 0x29, 0x68, 0x01,
  0xc2, 0x97, 0x35, 0x22, 0x0c, 0xd2, 0xd0, 0x01, 0x45, 0x20, 0x16, 0x8c,
  0xd3, 0x01, 0x77, 0x52, 0xef, 0xa6, 0x21, 0x0b, 0x53, 0x09, 0xa0, 0x61,
  0x9a, 0x5c, 0xd0, 0x02, 0x13, 0x49, 0x4c, 0x02, 0x92, 0x90, 0xc4, 0xa4,
  0xa6, 0x21, 0x68, 0xa0, 0x05, 0xa2, 0x90, 0x0b, 0x4f, 0x15, 0x20, 0x2d,
  0x14, 0x00, 0xb4, 0x52, 0x01, 0x68, 0xa0, 0x05, 0xa2, 0x90, 0x84, 0xa2,
  0x81, 0x85, 0x14, 0x00, 0xb4, 0x50, 0x02, 0xd2, 0xd2, 0x00, 0xa2, 0x80,
  0x0a, 0x5a, 0x04, 0x14, 0x50, 0x01, 0x4b, 0x40, 0x05, 0x14, 0x00, 0x51,
  0x40, 0x0b, 0x45, 0x00, 0x14, 0x52, 0x18, 0x52, 0xd0, 0x21, 0x29, 0x68,
  0x18, 0x51, 0x40, 0x05, 0x14, 0x00, 0x94, 0x53, 0x00, 0xa4, 0xa0, 0x04,
  0xa6, 0xd5, 0x08, 0x4a, 0x4a, 0xd1, 0x00, 0x94, 0xb5, 0x68, 0x42, 0xd3,
  0x85, 0x50, 0x87, 0x53, 0x85, 0x58, 0x87, 0x8a, 0x75, 0x02, 0x0a, 0x5a,
  0x00, 0x5a, 0x4a, 0x00, 0x5a, 0x28, 0x00, 0xa5, 0xa0, 0x02, 0x8a, 0x40,
  0x14, 0x53, 0x10, 0x51, 0x40, 0x0b, 0x45, 0x21, 0x05, 0x14, 0x0c, 0x29,
  0x68, 0x11, 0xca, 0xd3, 0xd6, 0x91, 0xd2, 0x4c, 0xb4, 0xea, 0x81, 0x05,
  0x36, 0x81, 0x8c, 0xa4, 0xad, 0x04, 0x37, 0x14, 0x84, 0x55, 0x08, 0x61,
  0x5a, 0x6e, 0x2a, 0x86, 0x28, 0xa9, 0x16, 0x93, 0x02, 0x55, 0xa9, 0x96,
  0xb1, 0x60, 0x48, 0x29, 0xd5, 0x90, 0x0b, 0x45, 0x48, 0x0d, 0xa4, 0xaa,
  0x01, 0x28, 0xa6, 0x02, 0x51, 0x9a, 0x60, 0x3b, 0x34, 0x66, 0x90, 0x06,
  0x69, 0x73, 0x48, 0x42, 0xe6, 0x96, 0x90, 0x05, 0x14, 0x00, 0x52, 0x66,
  0x80, 0x1b, 0x9a, 0x4c, 0xd5, 0x0c, 0x33, 0x4b, 0x40, 0x05, 0x25, 0x30,
  0x16, 0x92, 0x90, 0x09, 0x9a, 0x29, 0x88, 0x5a, 0x75, 0x20, 0x16, 0x8a,
  0x40, 0x2d, 0x3a, 0xa4, 0x05, 0xa5, 0xa4, 0x01, 0x45, 0x00, 0x2d, 0x2d,
  0x00, 0x14, 0x94, 0x80, 0x28, 0xa0, 0x02, 0x8a, 0x00, 0x5a, 0x5a, 0x00,
  0x5a, 0x29, 0x00, 0x51, 0x40, 0x0b, 0x49, 0x40, 0x0b, 0x45, 0x00, 0x14,
  0xb4, 0x00, 0x51, 0x40, 0x82, 0x8a, 0x00, 0x5a, 0x28, 0x00, 0xa2, 0x90,
  0xc2, 0x8a, 0x00, 0x5a, 0x28, 0x00, 0xa2, 0x81, 0x05, 0x25, 0x03, 0x0a,
  0x29, 0x80, 0x52, 0x50, 0x02, 0x53, 0x6a, 0x84, 0x36, 0x92, 0xb4, 0x00,
  0xa5, 0xab, 0x10, 0xea, 0x5a, 0xb1, 0x0e, 0x14, 0xe1, 0x54, 0x21, 0xe2,
  0x9d, 0x40, 0x85, 0xa2, 0x80, 0x0a, 0x29, 0x00, 0xb4, 0x53, 0x10, 0x51,
  0x48, 0x62, 0xd1, 0x40, 0x82, 0x8a, 0x60, 0x14, 0xb4, 0x80, 0x28, 0xa0,
  0x41, 0x45, 0x00, 0x14, 0xb4, 0x01, 0xca, 0x8a, 0x95, 0x45, 0x23, 0xa4,
  0x90, 0x53, 0xaa, 0x00, 0x6d, 0x36, 0x98, 0x0d, 0xa2, 0xa8, 0x91, 0x71,
  0x45, 0x31, 0x8c, 0x22, 0x9a, 0x45, 0x50, 0x84, 0x02, 0x9e, 0xb4, 0x31,
  0x92, 0xad, 0x4a, 0xb5, 0x8b, 0x02, 0x41, 0x4e, 0xac, 0xc0, 0x5a, 0x4a,
  0x40, 0x36, 0x92, 0x98, 0x05, 0x36, 0xa8, 0x04, 0xa4, 0xa6, 0x02, 0xe6,
  0x93, 0x34, 0x00, 0x66, 0x97, 0x34, 0x80, 0x70, 0x34, 0xf1, 0x52, 0x21,
  0x68, 0xa0, 0x02, 0x99, 0x40, 0xc6, 0x9a, 0x4a, 0xa0, 0x01, 0x4e, 0xa0,
  0x02, 0x92, 0x80, 0x16, 0x93, 0x34, 0x00, 0x94, 0xb4, 0x00, 0xe1, 0x4e,
  0xa4, 0x21, 0x69, 0x6a, 0x40, 0x51, 0x4e, 0xa4, 0x02, 0xd1, 0x48, 0x05,
  0xa2, 0x80, 0x0a, 0x5a, 0x40, 0x25, 0x14, 0x00, 0x52, 0x50, 0x02, 0xd2,
  0xd0, 0x01, 0x4b, 0x40, 0x0b, 0x45, 0x20, 0x0a, 0x28, 0x00, 0xa5, 0xa0,
  0x02, 0x8a, 0x00, 0x29, 0x68, 0x10, 0x51, 0x40, 0xc2, 0x8a, 0x00, 0x5a,
  0x28, 0x00, 0xa2, 0x81, 0x05, 0x14, 0x86, 0x2d, 0x14, 0x08, 0x28, 0xa0,
  0x61, 0x49, 0x4c, 0x02, 0x8a, 0x04, 0x14, 0x94, 0xc6, 0x36, 0x9b, 0x54,
  0x21, 0x29, 0x2a, 0xd0, 0x82, 0x96, 0xb4, 0x40, 0x2d, 0x3a, 0xa8, 0x43,
  0x85, 0x3e, 0xa8, 0x43, 0x85, 0x3a, 0x81, 0x0b, 0x45, 0x20, 0x0a, 0x29,
  0x80, 0xb4, 0x52, 0x00, 0xa2, 0x80, 0x16, 0x8a, 0x62, 0x0a, 0x28, 0x00,
  0xa2, 0x80, 0x16, 0x8a, 0x40, 0x14, 0x50, 0x01, 0x45, 0x00, 0x73, 0x0b,
  0x52, 0x8a, 0x96, 0x6e, 0x3a, 0x8a, 0x90, 0x1b, 0x9a, 0x4a, 0xb0, 0x0a,
  0x50, 0x28, 0x01, 0xd8, 0xa6, 0x9a, 0x00, 0x69, 0xa6, 0xd5, 0x88, 0x4a,
  0x70, 0xa4, 0x32, 0x45, 0xa9, 0x56, 0xb2, 0x90, 0x12, 0x0a, 0x7d, 0x66,
  0xc0, 0x29, 0x0d, 0x20, 0x1b, 0x49, 0x54, 0x03, 0x69, 0xa6, 0x98, 0x09,
  0x49, 0x4c, 0x62, 0x66, 0x93, 0x34, 0xec, 0x02, 0x6e, 0xa7, 0x8a, 0x62,
  0x1e, 0x2a, 0x41, 0x59, 0xb0, 0x16, 0x8a, 0x42, 0x12, 0x92, 0x81, 0x8d,
  0xa6, 0xd5, 0x00, 0xa2, 0x96, 0x98, 0x09, 0x45, 0x00, 0x14, 0x94, 0x00,
  0x53, 0xa9, 0x00, 0xf1, 0x4e, 0xa9, 0x10, 0xb4, 0xb4, 0x80, 0x51, 0x4b,
  0x52, 0x02, 0xd1, 0x40, 0x0b, 0x45, 0x00, 0x14, 0xb4, 0x80, 0x29, 0x28,
  0x00, 0xa2, 0x80, 0x0a, 0x5a, 0x40, 0x14, 0xb4, 0x00, 0xb4, 0x50, 0x01,
  0x45, 0x30, 0x16, 0x8a, 0x40, 0x14, 0x50, 0x02, 0xd1, 0x40, 0x05, 0x14,
  0x00, 0x52, 0xd0, 0x20, 0xa2, 0x90, 0x05, 0x14, 0x0c, 0x28, 0xa0, 0x05,
  0xa2, 0x98, 0x05, 0x14, 0x80, 0x29, 0x28, 0x00, 0xa2, 0x98, 0x09, 0x49,
  0x4c, 0x06, 0x9a, 0x69, 0xaa, 0x40, 0x25, 0x15, 0xa0, 0x82, 0x96, 0xac,
  0x43, 0x85, 0x3a, 0xac, 0x43, 0x85, 0x3a, 0x98, 0x87, 0x53, 0xa8, 0x01,
  0x68, 0xa4, 0x20, 0xa2, 0x80, 0x16, 0x8a, 0x00, 0x28, 0xa0, 0x05, 0xa2,
  0x98, 0x05, 0x14, 0x08, 0x28, 0xa0, 0x05, 0xa2, 0x90, 0x05, 0x14, 0x00,
  0x51, 0x40, 0x1c, 0xd2, 0xd4, 0x95, 0x26, 0xe1, 0x48, 0x69, 0x00, 0xda,
  0x4a, 0xb0, 0x1c, 0x2a, 0x41, 0x52, 0x02, 0xd3, 0x0d, 0x02, 0x18, 0x69,
  0xb5, 0xa0, 0x05, 0x38, 0x52, 0x63, 0x24, 0x5a, 0x95, 0x6b, 0x26, 0x04,
  0x82, 0x9d, 0x59, 0x00, 0x94, 0x94, 0x00, 0xda, 0x2a, 0x86, 0x36, 0x98,
  0x69, 0x80, 0xda, 0x4c, 0xd5, 0x00, 0xd2, 0x69, 0x99, 0xaa, 0x00, 0x06,
  0xa4, 0x5a, 0x04, 0x4a, 0xb5, 0x28, 0xac, 0xd8, 0x0b, 0x4b, 0x52, 0x21,
  0xb4, 0xd2, 0x69, 0x8c, 0x6d, 0x25, 0x30, 0x0a, 0x5a, 0x60, 0x14, 0x50,
  0x31, 0x29, 0x28, 0x01, 0x69, 0xe2, 0x90, 0x87, 0xd3, 0xaa, 0x44, 0x14,
  0xea, 0x90, 0x16, 0x96, 0x90, 0x05, 0x14, 0x00, 0xb4, 0x52, 0x01, 0x68,
  0xa0, 0x04, 0xa2, 0x80, 0x0a, 0x28, 0x01, 0x68, 0xa0, 0x05, 0xa2, 0x80,
  0x16, 0x8a, 0x00, 0x28, 0xa4, 0x02, 0xd1, 0x40, 0x05, 0x14, 0x00, 0xb4,
  0x50, 0x01, 0x45, 0x20, 0x0a, 0x5a, 0x60, 0x14, 0x50, 0x01, 0x45, 0x00,
  0x14, 0xb4, 0x80, 0x28, 0xa0, 0x42, 0x52, 0xd0, 0x30, 0xa4, 0xa0, 0x02,
  0x8a, 0x04, 0x36, 0x92, 0xa8, 0x63, 0x69, 0x2a, 0x90, 0x09, 0x49, 0x5a,
  0x88, 0x5a, 0x5a, 0xa1, 0x0e, 0xa7, 0x0a, 0xb1, 0x0e, 0x14, 0xfa, 0x62,
  0x14, 0x53, 0xa8, 0x10, 0x52, 0xd2, 0x00, 0xa2, 0x80, 0x16, 0x8a, 0x00,
  0x28, 0xa0, 0x05, 0xa2, 0x81, 0x05, 0x14, 0x00, 0x51, 0x4c, 0x05, 0xa2,
  0x90, 0x82, 0x8a, 0x63, 0x16, 0x92, 0x90, 0x8e, 0x70, 0x53, 0xaa, 0x0e,
  0x81, 0x29, 0xb9, 0xa6, 0x86, 0x36, 0x8a, 0xb2, 0x47, 0x8a, 0x92, 0xa4,
  0x04, 0x26, 0x98, 0x68, 0x18, 0xc3, 0x49, 0x56, 0x02, 0xd3, 0xc5, 0x20,
  0x24, 0x5a, 0x95, 0x6b, 0x16, 0x04, 0x82, 0x96, 0xb3, 0x01, 0x29, 0xb4,
  0x0c, 0x4a, 0x43, 0x54, 0x21, 0xa6, 0x98, 0x6a, 0x90, 0xc6, 0xd3, 0x4d,
  0x50, 0x0c, 0x26, 0x99, 0x54, 0x21, 0xe2, 0xa4, 0x5a, 0x40, 0x4a, 0xb5,
  0x28, 0xac, 0xc4, 0x3a, 0x9b, 0x52, 0x02, 0x53, 0x0d, 0x50, 0xc6, 0xd2,
  0x53, 0x18, 0x52, 0xd3, 0x01, 0xd4, 0x52, 0x10, 0x94, 0x50, 0x31, 0xc2,
  0x9e, 0x2a, 0x44, 0x3a, 0x96, 0xa4, 0x42, 0xd3, 0xa9, 0x00, 0xb4, 0x52,
  0x00, 0xa2, 0x80, 0x16, 0x8a, 0x40, 0x2d, 0x14, 0x00, 0x52, 0x50, 0x01,
  0x45, 0x00, 0x2d, 0x14, 0x00, 0xb4, 0xb4, 0x80, 0x28, 0xa0, 0x02, 0x8a,
  0x00, 0x29, 0x68, 0x00, 0xa2, 0x80, 0x16, 0x8a, 0x00, 0x28, 0xa0, 0x02,
  0x96, 0x90, 0x05, 0x14, 0x08, 0x28, 0xa0, 0x62, 0xd2, 0x50, 0x02, 0xd1,
  0x40, 0x05, 0x14, 0x00, 0x94, 0x50, 0x01, 0x49, 0x4c, 0x42, 0x53, 0x69,
  0x80, 0xda, 0x4a, 0xd0, 0x61, 0x45, 0x58, 0x82, 0x96, 0xac, 0x43, 0xa9,
  0xe2, 0xa8, 0x43, 0x85, 0x3a, 0x98, 0x87, 0x52, 0xd0, 0x20, 0xa5, 0xa0,
  0x02, 0x96, 0x90, 0x05, 0x14, 0x00, 0x51, 0x4c, 0x05, 0xa2, 0x80, 0x0a,
  0x29, 0x08, 0x28, 0xa0, 0x02, 0x96, 0x80, 0x0a, 0x28, 0x00, 0xa5, 0xa0,
  0x47, 0x39, 0x4a, 0x6a, 0x0e, 0x81, 0x86, 0x99, 0x9a, 0xb4, 0x01, 0x4a,
  0x2a, 0x84, 0x3c, 0x52, 0xd4, 0x80, 0x94, 0x94, 0x00, 0xc3, 0x4d, 0xab,
  0x18, 0xe1, 0x52, 0xad, 0x4b, 0x11, 0x2a, 0xd4, 0x8b, 0x58, 0xb1, 0x8f,
  0xa5, 0xac, 0xc0, 0x6d, 0x25, 0x30, 0x12, 0x92, 0x98, 0x0c, 0x34, 0xd3,
  0x54, 0x31, 0xb4, 0xc6, 0xab, 0x11, 0x1d, 0x15, 0x40, 0x3c, 0x54, 0xab,
  0x50, 0x04, 0xa2, 0x9f, 0x59, 0x80, 0xb4, 0x94, 0x84, 0x34, 0xd3, 0x2a,
  0x86, 0x36, 0x92, 0xa8, 0x61, 0x4a, 0x28, 0x01, 0xd4, 0xb4, 0x84, 0x2d,
  0x14, 0x80, 0x70, 0xa7, 0x0a, 0x4c, 0x07, 0x52, 0xd4, 0x88, 0x5a, 0x75,
  0x48, 0x05, 0x14, 0x00, 0x52, 0xd2, 0x00, 0xa2, 0x98, 0x0b, 0x45, 0x20,
  0x12, 0x8a, 0x00, 0x28, 0xa0, 0x05, 0xa5, 0xa0, 0x02, 0x96, 0x90, 0x05,
  0x14, 0x00, 0x52, 0xd0, 0x01, 0x45, 0x00, 0x14, 0xb4, 0x00, 0x51, 0x40,
  0x05, 0x14, 0x00, 0xb4, 0x52, 0x00, 0xa2, 0x98, 0x82, 0x8a, 0x43, 0x0a,
  0x5a, 0x00, 0x29, 0x28, 0x01, 0x69, 0x28, 0x00, 0xa2, 0x98, 0x05, 0x25,
  0x00, 0x36, 0x92, 0x98, 0x0d, 0x34, 0x95, 0xa2, 0x10, 0x94, 0x56, 0x88,
  0x42, 0xd3, 0xaa, 0xc0, 0x75, 0x38, 0x53, 0x10, 0xf1, 0x4e, 0xa6, 0x21,
  0xd4, 0x52, 0x10, 0xb4, 0x50, 0x02, 0xd1, 0x40, 0x05, 0x14, 0xc4, 0x14,
  0xb4, 0x86, 0x14, 0x50, 0x01, 0x45, 0x02, 0x0a, 0x29, 0x80, 0x51, 0x48,
  0x05, 0xa2, 0x80, 0x0a, 0x5a, 0x04, 0x73, 0xb4, 0xd3, 0x52, 0x8e, 0x91,
  0x84, 0xd3, 0x2b, 0x44, 0x21, 0x45, 0x3c, 0x50, 0x21, 0xd4, 0xb5, 0x20,
  0x25, 0x36, 0x98, 0x0c, 0x34, 0x95, 0x63, 0x1e, 0x2a, 0x55, 0xac, 0xd8,
  0x12, 0xad, 0x4a, 0x2b, 0x16, 0x21, 0xd4, 0x95, 0x03, 0x1b, 0x49, 0x4c,
  0x02, 0x9a, 0x69, 0x80, 0xd3, 0x4d, 0xaa, 0x18, 0xd3, 0x51, 0x9a, 0xa4,
  0x03, 0x69, 0x45, 0x50, 0x89, 0x00, 0xa9, 0x14, 0x54, 0x30, 0x24, 0x14,
  0xea, 0x80, 0x16, 0x90, 0xd2, 0x10, 0xc3, 0x4c, 0xab, 0x18, 0x94, 0x95,
  0x43, 0x0a, 0x70, 0xa4, 0x21, 0xd4, 0xb5, 0x22, 0x16, 0x96, 0x81, 0x8a,
  0x29, 0xd5, 0x22, 0x16, 0x96, 0x90, 0x0e, 0xa5, 0xa9, 0x00, 0xa2, 0x80,
  0x16, 0x8a, 0x00, 0x28, 0xa4, 0x02, 0xd1, 0x40, 0x09, 0x45, 0x00, 0x14,
  0xb4, 0x00, 0x52, 0xd2, 0x00, 0xa5, 0xa6, 0x01, 0x45, 0x20, 0x0a, 0x28,
  0x01, 0x68, 0xa0, 0x02, 0x8a, 0x00, 0x5a, 0x29, 0x00, 0x51, 0x4c, 0x05,
  0xa2, 0x80, 0x0a, 0x28, 0x10, 0x51, 0x40, 0xc2, 0x96, 0x90, 0x05, 0x14,
  0x00, 0x52, 0x53, 0x00, 0xa2, 0x80, 0x0a, 0x4a, 0x00, 0x6d, 0x36, 0xa8,
  0x42, 0x52, 0x56, 0x83, 0x12, 0x8a, 0xb1, 0x0e, 0xa5, 0xab, 0x10, 0xe1,
  0x4e, 0x14, 0xc4, 0x3c, 0x53, 0xa9, 0x88, 0x75, 0x2d, 0x00, 0x14, 0xb4,
  0x84, 0x14, 0x50, 0x01, 0x45, 0x00, 0x14, 0xb4, 0x08, 0x28, 0xa0, 0x02,
  0x8a, 0x00, 0x28, 0xa0, 0x02, 0x96, 0x80, 0x0a, 0x28, 0x10, 0x51, 0x40,
  0xce, 0x7c, 0xd4, 0x66, 0xa5, 0x1b, 0x91, 0x9a, 0x65, 0x68, 0x80, 0x70,
  0xa7, 0x8a, 0x04, 0x3e, 0x8a, 0x90, 0x12, 0x9a, 0x69, 0x80, 0xca, 0x5a,
  0xa1, 0x8f, 0x5a, 0x95, 0x6a, 0x18, 0x13, 0x0a, 0x90, 0x56, 0x22, 0x1d,
  0x4d, 0x35, 0x03, 0x1b, 0x49, 0x4c, 0x61, 0x4d, 0x34, 0xc4, 0x25, 0x25,
  0x30, 0x1a, 0x6a, 0x33, 0x56, 0x31, 0xb4, 0xe0, 0x29, 0x88, 0x90, 0x54,
  0x8b, 0x50, 0xc0, 0x75, 0x2d, 0x48, 0x85, 0xa6, 0x9a, 0x00, 0x6d, 0x36,
  0xa8, 0x63, 0x69, 0x69, 0x8c, 0x5a, 0x5a, 0x42, 0x16, 0x92, 0x90, 0x0e,
  0xa7, 0x50, 0x03, 0x85, 0x2d, 0x40, 0x85, 0xa5, 0xa4, 0x03, 0xa8, 0xa4,
  0x01, 0x45, 0x00, 0x2d, 0x14, 0x00, 0x52, 0xd2, 0x00, 0xa2, 0x80, 0x12,
  0x8a, 0x00, 0x29, 0x68, 0x18, 0x52, 0xd0, 0x21, 0x68, 0xa4, 0x01, 0x45,
  0x00, 0x14, 0x50, 0x02, 0xd1, 0x48, 0x02, 0x96, 0x98, 0x05, 0x14, 0x00,
  0x51, 0x40, 0x0b, 0x45, 0x00, 0x14, 0x50, 0x01, 0x45, 0x21, 0x05, 0x2d,
  0x03, 0x0a, 0x28, 0x00, 0xa2, 0x80, 0x12, 0x8a, 0x00, 0x4a, 0x4a, 0x60,
  0x25, 0x36, 0xa8, 0x06, 0xd2, 0x56, 0x88, 0x41, 0x4b, 0x56, 0x02, 0xd2,
  0xd5, 0x88, 0x78, 0xa7, 0x0a, 0x62, 0x1e, 0x29, 0xd4, 0xc4, 0x2d, 0x2d,
  0x02, 0x0a, 0x5a, 0x40, 0x14, 0x50, 0x01, 0x45, 0x00, 0x2d, 0x14, 0x00,
  0x51, 0x40, 0x82, 0x8a, 0x60, 0x14, 0x52, 0x00, 0xa5, 0xa0, 0x02, 0x8a,
  0x04, 0x14, 0x50, 0x07, 0x3c, 0xd5, 0x19, 0xa4, 0x8e, 0x81, 0x86, 0x9b,
  0x8a, 0xb4, 0x03, 0xb1, 0x4f, 0x14, 0x31, 0x0e, 0xa4, 0xa9, 0x18, 0x86,
  0xa3, 0xab, 0x42, 0x0a, 0x70, 0xa0, 0x09, 0x05, 0x4a, 0xb5, 0x9b, 0x19,
  0x32, 0xd3, 0xc5, 0x62, 0xc4, 0x14, 0x95, 0x23, 0x1b, 0x49, 0x4c, 0x02,
  0x92, 0x98, 0x09, 0x45, 0x30, 0x1a, 0x6a, 0x32, 0x2a, 0x86, 0x26, 0x29,
  0xc0, 0x53, 0x10, 0xf1, 0x52, 0x01, 0x50, 0x02, 0xd2, 0xd4, 0x80, 0x94,
  0xd3, 0x4c, 0x43, 0x4d, 0x36, 0xa8, 0x61, 0x45, 0x03, 0x16, 0x9d, 0x48,
  0x42, 0x51, 0x40, 0x0e, 0x14, 0xf1, 0x48, 0x43, 0xa9, 0x6a, 0x40, 0x29,
  0xd4, 0x80, 0x75, 0x14, 0x80, 0x4a, 0x28, 0x01, 0x69, 0x69, 0x00, 0x51,
  0x40, 0x05, 0x14, 0x80, 0x29, 0x29, 0x8c, 0x29, 0x68, 0x10, 0xb4, 0x52,
  0x01, 0x68, 0xa0, 0x02, 0x8a, 0x00, 0x28, 0xa0, 0x05, 0xa2, 0x80, 0x16,
  0x8a, 0x00, 0x28, 0xa0, 0x02, 0x8a, 0x00, 0x5a, 0x28, 0x00, 0xa2, 0x80,
  0x0a, 0x29, 0x00, 0x52, 0xd0, 0x01, 0x45, 0x00, 0x14, 0x94, 0x00, 0x51,
  0x4c, 0x04, 0xa4, 0xa0, 0x06, 0xd3, 0x6a, 0xd0, 0x84, 0xa4, 0xad, 0x00,
  0x29, 0x6a, 0xc0, 0x5a, 0x75, 0x50, 0x87, 0x0a, 0x78, 0xaa, 0x10, 0xea,
  0x70, 0xa0, 0x42, 0xd2, 0xd2, 0x01, 0x68, 0xa0, 0x41, 0x45, 0x00, 0x14,
  0x50, 0x02, 0xd1, 0x40, 0x05, 0x14, 0x08, 0x28, 0xa0, 0x02, 0x8a, 0x00,
  0x28, 0xa0, 0x05, 0xa2, 0x80, 0x0a, 0x28, 0x03, 0x9d, 0x34, 0xc3, 0x49,
  0x1b, 0x8d, 0xc5, 0x2e, 0xda, 0xa1, 0x0e, 0xc5, 0x2e, 0x28, 0x00, 0xa4,
  0xa4, 0x03, 0x0d, 0x36, 0xad, 0x00, 0xb8, 0xa7, 0x8a, 0x40, 0x48, 0xb5,
  0x2a, 0xd6, 0x4c, 0x64, 0xa2, 0x9f, 0x59, 0x31, 0x09, 0x49, 0x40, 0xc6,
  0xd1, 0x40, 0x05, 0x14, 0x00, 0x62, 0x8a, 0x00, 0x61, 0x14, 0xdc, 0x55,
  0x0c, 0x4c, 0x52, 0xe2, 0x98, 0x87, 0x81, 0x4e, 0xa9, 0x01, 0x68, 0xa9,
  0x10, 0x86, 0x98, 0x6a, 0x80, 0x6d, 0x25, 0x51, 0x42, 0x52, 0xd3, 0x10,
  0xa2, 0x9d, 0x48, 0x04, 0xa5, 0xa4, 0x02, 0x8a, 0x90, 0x52, 0x10, 0xea,
  0x2a, 0x00, 0x5a, 0x70, 0xa0, 0x05, 0xa4, 0xa4, 0x02, 0xd2, 0x52, 0x01,
  0x69, 0x68, 0x00, 0xa2, 0x80, 0x0a, 0x4a, 0x40, 0x2d, 0x25, 0x31, 0x85,
  0x2d, 0x02, 0x16, 0x96, 0x90, 0x05, 0x14, 0x00, 0x51, 0x40, 0x05, 0x14,
  0x00, 0xb4, 0x52, 0x01, 0x68, 0xa6, 0x01, 0x45, 0x20, 0x0a, 0x29, 0x80,
  0xb4, 0x50, 0x01, 0x45, 0x20, 0x0a, 0x28, 0x00, 0xa2, 0x98, 0x0b, 0x45,
  0x20, 0x0a, 0x4a, 0x00, 0x29, 0x29, 0x80, 0x53, 0x69, 0x80, 0x86, 0x9b,
  0x54, 0x02, 0x52, 0x56, 0x88, 0x41, 0x4b, 0x56, 0x02, 0xd3, 0xc5, 0x51,
  0x23, 0xa9, 0xc2, 0xa8, 0x07, 0x8a, 0x5a, 0x04, 0x3a, 0x96, 0x90, 0x05,
  0x14, 0x08, 0x28, 0xa0, 0x05, 0xa2, 0x80, 0x0a, 0x28, 0x00, 0xa2, 0x80,
  0x0a, 0x28, 0x10, 0x51, 0x40, 0x05, 0x14, 0x00, 0x52, 0xd0, 0x01, 0x45,
  0x00, 0x73, 0x86, 0x92, 0x91, 0xb8, 0x53, 0xb1, 0x4c, 0x07, 0x62, 0x8c,
  0x54, 0x80, 0x86, 0x9a, 0x6a, 0x80, 0x8c, 0xd2, 0x55, 0x88, 0x75, 0x38,
  0x54, 0xb0, 0x25, 0x5a, 0x95, 0x6b, 0x26, 0x32, 0x41, 0x4e, 0xac, 0xd8,
  0x84, 0xa6, 0xd0, 0x30, 0xa4, 0xa0, 0x05, 0xa5, 0xa4, 0x02, 0xe2, 0x90,
  0x8a, 0x04, 0x21, 0x14, 0xdc, 0x55, 0x0c, 0x4c, 0x52, 0xe2, 0x80, 0x1f,
  0x45, 0x20, 0x0a, 0x29, 0x08, 0x61, 0xa6, 0x1a, 0xb1, 0x8d, 0xa2, 0x98,
  0x05, 0x25, 0x00, 0x38, 0x53, 0xa8, 0x00, 0xa2, 0x90, 0x87, 0x0a, 0x78,
  0xa9, 0x60, 0x3a, 0x96, 0xa4, 0x05, 0xa7, 0x52, 0x00, 0xa4, 0xa0, 0x02,
  0x96, 0x90, 0xc5, 0xa2, 0x81, 0x05, 0x14, 0x0c, 0x28, 0xa0, 0x42, 0x52,
  0xd0, 0x01, 0x4b, 0x48, 0x02, 0x96, 0x80, 0x0a, 0x28, 0x00, 0xa2, 0x80,
  0x16, 0x8a, 0x00, 0x28, 0xa4, 0x02, 0xd1, 0x4c, 0x02, 0x8a, 0x00, 0x28,
  0xa0, 0x02, 0x96, 0x80, 0x0a, 0x28, 0x00, 0xa2, 0x90, 0x0b, 0x49, 0x4c,
  0x05, 0xa2, 0x90, 0x09, 0x45, 0x02, 0x0a, 0x4a, 0x63, 0x12, 0x92, 0x98,
  0x0d, 0xa4, 0xaa, 0x10, 0xda, 0x2b, 0x40, 0x0a, 0x5a, 0xb0, 0x1c, 0x29,
  0xd5, 0x62, 0x1c, 0x29, 0xe2, 0x98, 0x87, 0x53, 0xa8, 0x10, 0xb4, 0xb4,
  0x84, 0x14, 0x50, 0x01, 0x4b, 0x4c, 0x02, 0x8a, 0x40, 0x14, 0x50, 0x20,
  0xa2, 0x80, 0x0a, 0x28, 0x00, 0xa2, 0x98, 0x05, 0x2d, 0x20, 0x0a, 0x28,
  0x10, 0x94, 0x50, 0x33, 0x9d, 0xa4, 0xa4, 0x6e, 0x38, 0x54, 0x80, 0x52,
  0x62, 0x1d, 0x49, 0x52, 0x31, 0xa6, 0x98, 0x6a, 0xc0, 0x8c, 0xd2, 0x55,
  0x88, 0x51, 0x4f, 0x5a, 0x4c, 0x64, 0xc2, 0xa5, 0x5a, 0xc5, 0x80, 0xf1,
  0x4b, 0x50, 0x21, 0xb4, 0x94, 0x0c, 0x28, 0xa6, 0x02, 0xd3, 0x85, 0x48,
  0x87, 0x52, 0x62, 0x90, 0x0d, 0xc5, 0x26, 0x29, 0x80, 0x62, 0x97, 0x14,
  0xc6, 0x2d, 0x25, 0x21, 0x05, 0x34, 0xd0, 0x03, 0x4d, 0x32, 0xac, 0x04,
  0xa5, 0xa6, 0x31, 0x28, 0xc5, 0x00, 0x28, 0xa5, 0xa4, 0x21, 0x29, 0x68,
  0x18, 0xe1, 0x4f, 0x15, 0x2c, 0x43, 0xa9, 0x6a, 0x40, 0x75, 0x2d, 0x20,
  0x0a, 0x4a, 0x40, 0x2d, 0x14, 0x00, 0xb4, 0x50, 0x01, 0x45, 0x20, 0x0a,
  0x28, 0x00, 0xa2, 0x80, 0x0a, 0x5a, 0x00, 0x5a, 0x29, 0x00, 0x51, 0x4c,
  0x02, 0x8a, 0x00, 0x5a, 0x28, 0x00, 0xa2, 0x80, 0x16, 0x8a, 0x40, 0x14,
  0x50, 0x01, 0x45, 0x30, 0x0a, 0x5a, 0x00, 0x28, 0xa0, 0x02, 0x8a, 0x40,
  0x2d, 0x14, 0x00, 0x94, 0xb4, 0xc0, 0x29, 0x29, 0x00, 0x52, 0x53, 0x01,
  0x0d, 0x36, 0x98, 0x09, 0x49, 0x56, 0x02, 0x52, 0x55, 0x88, 0x29, 0xd5,
  0x60, 0x2d, 0x3a, 0xac, 0x43, 0xc5, 0x3a, 0x99, 0x23, 0xa9, 0xd4, 0x00,
  0xb4, 0xb4, 0x08, 0x28, 0xa4, 0x01, 0x4b, 0x40, 0x05, 0x14, 0x00, 0x51,
  0x40, 0x05, 0x14, 0x00, 0x51, 0x4c, 0x41, 0x45, 0x20, 0x0a, 0x29, 0x80,
  0x51, 0x48, 0x02, 0x8a, 0x00, 0xe7, 0x68, 0xa4, 0x6e, 0x3c, 0x54, 0x82,
  0xa5, 0x88, 0x75, 0x21, 0xa9, 0x01, 0x86, 0x98, 0x6a, 0xc6, 0x46, 0x69,
  0xb5, 0xa0, 0x87, 0x01, 0x52, 0x28, 0xa9, 0x63, 0x26, 0x5a, 0x90, 0x56,
  0x2c, 0x43, 0xe9, 0x2a, 0x40, 0x4a, 0x4a, 0x06, 0x14, 0xb4, 0x00, 0xb4,
  0xf1, 0x52, 0x21, 0xd4, 0x94, 0x86, 0x25, 0x25, 0x30, 0x0c, 0x51, 0x40,
  0x82, 0x92, 0x80, 0x12, 0x9a, 0x69, 0x8c, 0x61, 0xa6, 0xd5, 0x80, 0x52,
  0xd0, 0x01, 0x45, 0x00, 0x25, 0x14, 0x00, 0xb4, 0xb4, 0x00, 0xe1, 0x4f,
  0x15, 0x22, 0x1d, 0x4b, 0x50, 0x03, 0xa8, 0xa0, 0x02, 0x92, 0x80, 0x16,
  0x8a, 0x40, 0x2d, 0x14, 0x00, 0xb4, 0x94, 0x00, 0x51, 0x40, 0xc2, 0x8a,
  0x42, 0x16, 0x8a, 0x00, 0x5a, 0x28, 0x00, 0xa2, 0x80, 0x16, 0x8a, 0x40,
  0x14, 0x50, 0x01, 0x45, 0x30, 0x16, 0x8a, 0x40, 0x14, 0x50, 0x01, 0x45,
  0x30, 0x16, 0x8a, 0x00, 0x28, 0xa0, 0x02, 0x96, 0x90, 0x09, 0x4b, 0x40,
  0x05, 0x25, 0x00, 0x14, 0x53, 0x00, 0xa4, 0xa0, 0x04, 0xa6, 0xd3, 0x01,
  0x29, 0xb5, 0xa2, 0x01, 0x28, 0xab, 0x00, 0xa7, 0x55, 0xa1, 0x0a, 0x29,
  0xd5, 0x42, 0x1e, 0x29, 0xc2, 0x98, 0x87, 0x53, 0xa8, 0x10, 0xb4, 0xb4,
  0x84, 0x14, 0x50, 0x02, 0xd1, 0x40, 0x05, 0x14, 0x08, 0x28, 0xa0, 0x02,
  0x8a, 0x00, 0x28, 0xa0, 0x02, 0x8a, 0x00, 0x28, 0xa0, 0x02, 0x8a, 0x60,
  0x14, 0x52, 0x03, 0x9c, 0xa5, 0x14, 0x8d, 0xc9, 0x05, 0x48, 0x2a, 0x58,
  0x85, 0xa4, 0x35, 0x20, 0x30, 0xd4, 0x66, 0xac, 0x63, 0x69, 0x31, 0x56,
  0x03, 0xc0, 0xa9, 0x14, 0x54, 0x30, 0x25, 0x5a, 0x90, 0x56, 0x42, 0x16,
  0x92, 0x90, 0x09, 0x49, 0x40, 0xc5, 0xa2, 0x81, 0x0a, 0x29, 0xe2, 0x93,
  0x01, 0x68, 0xa9, 0x01, 0x28, 0xa0, 0x05, 0xa4, 0xa0, 0x04, 0xa4, 0xa6,
  0x03, 0x4d, 0x34, 0xd5, 0x20, 0x19, 0x49, 0x54, 0x30, 0x14, 0xfa, 0x00,
  0x4a, 0x29, 0x00, 0xda, 0x29, 0x80, 0xb4, 0xea, 0x00, 0x70, 0xa7, 0xd4,
  0x08, 0x5a, 0x75, 0x48, 0x0b, 0x45, 0x20, 0x12, 0x96, 0x80, 0x0a, 0x5a,
  0x00, 0x29, 0x69, 0x00, 0x51, 0x40, 0x09, 0x45, 0x31, 0x85, 0x2d, 0x20,
  0x0a, 0x5a, 0x04, 0x14, 0x50, 0x01, 0x45, 0x00, 0x2d, 0x14, 0x80, 0x28,
  0xa0, 0x02, 0x96, 0x98, 0x05, 0x14, 0x80, 0x28, 0xa6, 0x01, 0x45, 0x00,
  0x2d, 0x14, 0x00, 0x51, 0x48, 0x02, 0x96, 0x98, 0x05, 0x14, 0x00, 0x51,
  0x40, 0x05, 0x25, 0x21, 0x05, 0x25, 0x31, 0x8d, 0xa4, 0xa6, 0x03, 0x69,
  0x2b, 0x44, 0x02, 0x52, 0x55, 0x88, 0x5a, 0x70, 0xab, 0x01, 0xc2, 0x9d,
  0x54, 0x21, 0xd4, 0xe1, 0x4c, 0x43, 0xa9, 0xd4, 0x08, 0x5a, 0x5a, 0x04,
  0x14, 0xb4, 0x80, 0x28, 0xa0, 0x41, 0x45, 0x00, 0x14, 0x53, 0x00, 0xa2,
  0x90, 0x05, 0x14, 0x00, 0x51, 0x40, 0x05, 0x14, 0x00, 0x51, 0x40, 0x05,
  0x14, 0x08, 0xe6, 0xe9, 0x45, 0x07, 0x41, 0x20, 0xa7, 0x8a, 0x86, 0x21,
  0x68, 0x34, 0x80, 0x8c, 0xd3, 0x0d, 0x5a, 0x01, 0x29, 0xd8, 0xa6, 0x31,
  0xc0, 0x54, 0x80, 0x54, 0x30, 0x25, 0x5a, 0x7d, 0x66, 0xc4, 0x25, 0x25,
  0x21, 0x89, 0x45, 0x00, 0x14, 0x53, 0x01, 0xc2, 0x9d, 0x52, 0x20, 0xa2,
  0x90, 0x0b, 0x4b, 0x48, 0x02, 0x90, 0xd0, 0x03, 0x69, 0x29, 0x80, 0xd3,
  0x4d, 0x35, 0x63, 0x19, 0x49, 0x54, 0x03, 0x85, 0x3a, 0x90, 0x84, 0xa4,
  0x34, 0x0c, 0x4a, 0x29, 0x80, 0xb4, 0xf1, 0x52, 0x03, 0xe9, 0x45, 0x40,
  0x87, 0x53, 0xa8, 0x00, 0xa2, 0xa4, 0x61, 0x45, 0x02, 0x0a, 0x5a, 0x40,
  0x2d, 0x14, 0x0c, 0x28, 0xa0, 0x04, 0xa2, 0x81, 0x05, 0x2d, 0x00, 0x14,
  0xb4, 0x00, 0xb4, 0x50, 0x01, 0x45, 0x00, 0x14, 0x52, 0x00, 0xa2, 0x98,
  0x05, 0x2d, 0x20, 0x0a, 0x28, 0x00, 0xa2, 0x98, 0x05, 0x14, 0x00, 0xb4,
  0x50, 0x01, 0x4b, 0x40, 0x05, 0x14, 0x00, 0x51, 0x40, 0x05, 0x14, 0x00,
  0x94, 0x50, 0x01, 0x4d, 0xa6, 0x02, 0x53, 0x69, 0x80, 0xda, 0x4a, 0xb4,
  0x02, 0x51, 0x5a, 0x00, 0xb4, 0xea, 0xa1, 0x0b, 0x4f, 0xaa, 0x10, 0xe1,
  0x4e, 0x14, 0x08, 0x7d, 0x2d, 0x31, 0x0b, 0x4b, 0x48, 0x41, 0x4b, 0x40,
  0x05, 0x14, 0x00, 0x51, 0x40, 0x05, 0x14, 0x08, 0x28, 0xa0, 0x02, 0x8a,
  0x00, 0x28, 0xa0, 0x02, 0x8a, 0x04, 0x2d, 0x25, 0x03, 0x0a, 0x28, 0x03,
  0x9a, 0xa5, 0x14, 0xcd, 0x89, 0x05, 0x3b, 0x35, 0x00, 0x19, 0xa2, 0x90,
  0xc6, 0x9a, 0x6d, 0x52, 0x00, 0xa7, 0x8a, 0x18, 0x0f, 0x15, 0x22, 0xd6,
  0x6c, 0x44, 0x82, 0x96, 0xa0, 0x04, 0xa4, 0xa0, 0x04, 0xa4, 0xa6, 0x30,
  0xa2, 0x80, 0x1d, 0x4b, 0x52, 0x20, 0xa5, 0xa0, 0x05, 0xa5, 0xa4, 0x01,
  0x49, 0x40, 0x09, 0x4d, 0xa6, 0x31, 0x86, 0x9b, 0x56, 0x02, 0x51, 0x4c,
  0x05, 0xa2, 0x90, 0x85, 0xa2, 0x90, 0xc6, 0xd1, 0x4c, 0x07, 0x0a, 0x78,
  0xa4, 0x03, 0xa9, 0xd5, 0x02, 0x14, 0x53, 0xa9, 0x00, 0x51, 0x48, 0x61,
  0x45, 0x00, 0x2d, 0x14, 0x08, 0x5a, 0x29, 0x00, 0x51, 0x40, 0x05, 0x14,
  0x00, 0x51, 0x40, 0x0b, 0x45, 0x00, 0x2d, 0x14, 0x00, 0x51, 0x48, 0x02,
  0x8a, 0x00, 0x5a, 0x28, 0x00, 0xa2, 0x80, 0x0a, 0x29, 0x80, 0x51, 0x40,
  0x05, 0x2d, 0x00, 0x14, 0x50, 0x01, 0x4b, 0x40, 0x05, 0x14, 0x08, 0x28,
  0xa0, 0x61, 0x45, 0x21, 0x05, 0x25, 0x31, 0x89, 0x49, 0x4c, 0x04, 0xa6,
  0xd3, 0x01, 0xb4, 0x95, 0xa2, 0x10, 0x94, 0x55, 0x8c, 0x29, 0xc2, 0xac,
  0x43, 0xa9, 0xc2, 0x98, 0x87, 0x8a, 0x70, 0xa6, 0x21, 0xe2, 0x96, 0x82,
  0x45, 0xa5, 0xa0, 0x61, 0x4b, 0x48, 0x41, 0x45, 0x00, 0x14, 0x50, 0x01,
  0x45, 0x02, 0x0a, 0x28, 0x00, 0xa2, 0x80, 0x0a, 0x28, 0x00, 0xa2, 0x81,
  0x05, 0x14, 0x0c, 0x28, 0xa0, 0x47, 0x34, 0x68, 0x14, 0xcd, 0xc7, 0x8a,
  0x75, 0x48, 0x09, 0x9a, 0x33, 0x40, 0x09, 0x45, 0x31, 0x8a, 0x29, 0xe2,
  0x90, 0x12, 0x01, 0x52, 0x0a, 0xc9, 0x88, 0x7d, 0x15, 0x00, 0x36, 0x8a,
  0x60, 0x25, 0x36, 0x98, 0xc4, 0xa2, 0x98, 0x87, 0x66, 0x8c, 0xd2, 0x18,
  0x66, 0x94, 0x50, 0x03, 0xa9, 0xd5, 0x22, 0x16, 0x9b, 0x40, 0x0d, 0x34,
  0xda, 0x60, 0x34, 0xd3, 0x73, 0x56, 0x30, 0xa5, 0xa0, 0x02, 0x92, 0x81,
  0x0e, 0xa4, 0xa4, 0x01, 0x4b, 0x40, 0xc7, 0x53, 0x85, 0x48, 0x0e, 0xa7,
  0x54, 0x88, 0x5a, 0x75, 0x20, 0x0a, 0x29, 0x00, 0x51, 0x40, 0x0b, 0x45,
  0x00, 0x14, 0x52, 0x00, 0xa2, 0x80, 0x0a, 0x28, 0x18, 0x51, 0x40, 0x85,
  0xa5, 0xa4, 0x30, 0xa2, 0x98, 0x82, 0x8a, 0x00, 0x29, 0x69, 0x00, 0x51,
  0x4c, 0x02, 0x8a, 0x40, 0x14, 0x50, 0x01, 0x45, 0x30, 0x16, 0x8a, 0x04,
  0x14, 0x50, 0x30, 0xa5, 0xa0, 0x02, 0x96, 0x81, 0x09, 0x45, 0x03, 0x0a,
  0x28, 0x00, 0xa4, 0xa0, 0x02, 0x9a, 0x69, 0x88, 0x6d, 0x34, 0xd5, 0x20,
  0x1b, 0x49, 0x56, 0x02, 0x51, 0x56, 0x31, 0x69, 0xc2, 0xac, 0x43, 0xa9,
  0xe2, 0x98, 0x87, 0x53, 0xa9, 0x88, 0x75, 0x3a, 0x81, 0x0b, 0x4b, 0x40,
  0x82, 0x96, 0x90, 0x05, 0x14, 0x00, 0x51, 0x40, 0x82, 0x8a, 0x00, 0x28,
  0xa6, 0x01, 0x45, 0x20, 0x0a, 0x28, 0x00, 0xa2, 0x80, 0x16, 0x92, 0x81,
  0x0b, 0x49, 0x40, 0x1c, 0xc1, 0xa0, 0x55, 0x9b, 0x92, 0x03, 0x4b, 0x9a,
  0x80, 0x13, 0x34, 0x66, 0x98, 0x0b, 0x4b, 0x48, 0x63, 0x85, 0x3c, 0x0a,
  0x96, 0x04, 0xa2, 0xa4, 0x15, 0x90, 0x85, 0xa4, 0xa9, 0x01, 0xb4, 0x94,
  0xc0, 0x4a, 0x69, 0xaa, 0x01, 0xb4, 0x53, 0x18, 0x66, 0x93, 0x34, 0x00,
  0xb9, 0xa7, 0x8a, 0x42, 0x1c, 0x29, 0xf5, 0x2c, 0x02, 0x9b, 0x40, 0x0d,
  0x34, 0xd2, 0x69, 0x80, 0xc3, 0x4d, 0xab, 0x18, 0x53, 0xb3, 0x40, 0x0b,
  0x4b, 0x48, 0x05, 0xa2, 0x90, 0x85, 0xa5, 0xa0, 0x05, 0xa7, 0x0a, 0x90,
  0x1d, 0x4b, 0x52, 0x03, 0x85, 0x2d, 0x48, 0x05, 0x14, 0x00, 0x51, 0x48,
  0x05, 0xa2, 0x81, 0x8b, 0x45, 0x00, 0x25, 0x14, 0x08, 0x28, 0xa0, 0x05,
  0xa2, 0x80, 0x16, 0x8a, 0x00, 0x28, 0xa0, 0x02, 0x96, 0x80, 0x12, 0x96,
  0x80, 0x0a, 0x29, 0x00, 0x51, 0x40, 0x0b, 0x49, 0x40, 0x0b, 0x45, 0x00,
  0x14, 0x53, 0x00, 0xa2, 0x81, 0x0b, 0x45, 0x21, 0x85, 0x2d, 0x00, 0x14,
  0x50, 0x20, 0xa4, 0xa6, 0x30, 0xa4, 0xa0, 0x42, 0x53, 0x4d, 0x31, 0x89,
  0x4d, 0x35, 0x42, 0x1b, 0x49, 0x5a, 0x0c, 0x6d, 0x2d, 0x58, 0x0b, 0x4e,
  0xaa, 0x10, 0xe1, 0x4f, 0x14, 0xc4, 0x3a, 0x9c, 0x29, 0x88, 0x75, 0x3a,
  0x81, 0x0b, 0x4b, 0x48, 0x42, 0xd2, 0x50, 0x02, 0xd1, 0x40, 0x82, 0x8a,
  0x00, 0x28, 0xa0, 0x02, 0x8a, 0x00, 0x28, 0xa0, 0x02, 0x8a, 0x00, 0x29,
  0x68, 0x00, 0xa2, 0x81, 0x05, 0x25, 0x00, 0x72, 0xe6, 0x92, 0xad, 0x1b,
  0x8e, 0x06, 0x9d, 0x48, 0x42, 0xd2, 0x0a, 0x43, 0x24, 0x14, 0xb5, 0x23,
  0x1e, 0x05, 0x48, 0x05, 0x43, 0x02, 0x41, 0x4f, 0xac, 0xd8, 0x82, 0x9b,
  0x48, 0x04, 0xa4, 0xaa, 0x01, 0xa6, 0x98, 0x69, 0x80, 0xda, 0x2a, 0x86,
  0x37, 0x34, 0x99, 0xa6, 0x31, 0xc0, 0xd4, 0x82, 0x93, 0x10, 0xf1, 0x4e,
  0xa8, 0x10, 0x52, 0x52, 0x01, 0x86, 0x9a, 0x6a, 0x80, 0x8e, 0x92, 0xac,
  0x62, 0xd3, 0xa9, 0x00, 0xb4, 0xea, 0x40, 0x2d, 0x14, 0x84, 0x2d, 0x2d,
  0x03, 0x16, 0x9e, 0x2a, 0x04, 0x3a, 0x96, 0xa4, 0x07, 0x51, 0x48, 0x02,
  0x8a, 0x00, 0x5a, 0x28, 0x01, 0x68, 0xa4, 0x01, 0x45, 0x00, 0x25, 0x14,
  0x00, 0x52, 0xd0, 0x30, 0xa5, 0xa4, 0x01, 0x45, 0x31, 0x0b, 0x49, 0x48,
  0x05, 0xa2, 0x80, 0x0a, 0x29, 0x80, 0x51, 0x48, 0x61, 0x45, 0x02, 0x0a,
  0x5a, 0x00, 0x28, 0xa0, 0x02, 0x8a, 0x60, 0x14, 0x50, 0x02, 0xd1, 0x40,
  0x0b, 0x45, 0x20, 0x0a, 0x29, 0x80, 0x52, 0x52, 0x10, 0x52, 0x53, 0x01,
  0x0d, 0x36, 0x98, 0xc4, 0xa6, 0x55, 0x20, 0x12, 0x9b, 0x5a, 0x00, 0x94,
  0x55, 0x80, 0xe1, 0x4b, 0x54, 0x21, 0xe2, 0x9e, 0x29, 0x88, 0x75, 0x2d,
  0x31, 0x0f, 0x14, 0xea, 0x04, 0x2d, 0x14, 0x08, 0x5a, 0x5a, 0x40, 0x14,
  0x50, 0x20, 0xa2, 0x81, 0x85, 0x14, 0x08, 0x28, 0xa0, 0x02, 0x8a, 0x00,
  0x28, 0xa6, 0x01, 0x4b, 0x48, 0x02, 0x8a, 0x00, 0x28, 0xa0, 0x47, 0x2a,
  0xd4, 0xca, 0xd0, 0xe8, 0x1c, 0x29, 0xf4, 0x08, 0x75, 0x38, 0x54, 0x01,
  0x20, 0xa7, 0x0a, 0x81, 0x8f, 0x15, 0x20, 0xac, 0xc4, 0x3c, 0x52, 0xd4,
  0x00, 0x86, 0x9b, 0x40, 0x05, 0x36, 0xa8, 0x06, 0x9a, 0x61, 0xaa, 0x18,
  0xda, 0x43, 0x54, 0x03, 0x0d, 0x25, 0x30, 0x1e, 0x2a, 0x41, 0x49, 0x81,
  0x20, 0xa7, 0x56, 0x62, 0x0a, 0x43, 0x40, 0x0d, 0x34, 0xc3, 0x54, 0x32,
  0x33, 0x49, 0x56, 0x03, 0x85, 0x3e, 0x90, 0x0a, 0x29, 0x6a, 0x40, 0x29,
  0x68, 0x01, 0x69, 0x69, 0x08, 0x78, 0xa7, 0x0a, 0x80, 0x1d, 0x4e, 0x15,
  0x00, 0x2d, 0x14, 0x00, 0x94, 0xb4, 0x00, 0x52, 0xd2, 0x00, 0xa2, 0x80,
  0x0a, 0x28, 0x18, 0x94, 0xb4, 0x00, 0x51, 0x40, 0x05, 0x2d, 0x02, 0x0a,
  0x5a, 0x40, 0x14, 0x50, 0x01, 0x45, 0x00, 0x14, 0x50, 0x02, 0xd2, 0x50,
  0x02, 0xd1, 0x40, 0x09, 0x45, 0x30, 0x16, 0x8a, 0x40, 0x14, 0x50, 0x01,
  0x4b, 0x40, 0x05, 0x14, 0xc0, 0x5a, 0x29, 0x08, 0x28, 0xa0, 0x02, 0x8a,
  0x00, 0x4a, 0x4a, 0x60, 0x36, 0x90, 0xd3, 0x18, 0xda, 0x6d, 0x58, 0x0d,
  0x34, 0x95, 0x60, 0x25, 0x15, 0x68, 0x05, 0xa7, 0x55, 0x88, 0x78, 0xa7,
  0x0a, 0x04, 0x3a, 0x9d, 0x4c, 0x43, 0x85, 0x3a, 0x81, 0x0b, 0x4b, 0x48,
  0x42, 0xd2, 0xd0, 0x01, 0x45, 0x31, 0x05, 0x14, 0x80, 0x28, 0xa0, 0x02,
  0x8a, 0x04, 0x14, 0x53, 0x18, 0x52, 0xd2, 0x01, 0x29, 0x68, 0x10, 0x51,
  0x40, 0x05, 0x14, 0x01, 0xcb, 0x30, 0xa8, 0xf1, 0x5a, 0x23, 0xa0, 0x70,
  0xa7, 0x8a, 0x04, 0x3c, 0x54, 0x80, 0x56, 0x6c, 0x07, 0x8a, 0x78, 0xa8,
  0x18, 0xf0, 0x29, 0xe2, 0xb3, 0x10, 0xea, 0x2a, 0x40, 0x4a, 0x6d, 0x00,
  0x25, 0x34, 0xd5, 0x00, 0xd3, 0x51, 0x9a, 0xb1, 0x89, 0x4c, 0x35, 0x40,
  0x32, 0x94, 0x53, 0x01, 0xe2, 0xa5, 0x15, 0x2c, 0x09, 0x29, 0x6a, 0x04,
  0x2d, 0x36, 0x90, 0x0d, 0x34, 0xc3, 0x56, 0x86, 0x47, 0x4a, 0x2a, 0x80,
  0x70, 0xa7, 0x54, 0xb0, 0x1f, 0x45, 0x48, 0x84, 0xa5, 0xa0, 0x07, 0x53,
  0x80, 0xa4, 0x03, 0xe9, 0xd5, 0x00, 0x2d, 0x3a, 0x90, 0x05, 0x14, 0x80,
  0x28, 0xa0, 0x05, 0xa2, 0x90, 0x0b, 0x45, 0x00, 0x14, 0x94, 0x00, 0x51,
  0x40, 0x05, 0x14, 0x00, 0xb4, 0x50, 0x31, 0x68, 0xa4, 0x20, 0xa2, 0x80,
  0x0a, 0x5a, 0x00, 0x4a, 0x28, 0x01, 0x68, 0xa0, 0x02, 0x8a, 0x00, 0x28,
  0xa0, 0x02, 0x8a, 0x00, 0x28, 0xa6, 0x02, 0xd1, 0x48, 0x02, 0x8a, 0x00,
  0x5a, 0x28, 0x00, 0xa2, 0x80, 0x0a, 0x28, 0x10, 0x94, 0x94, 0xc6, 0x36,
  0x9b, 0x4c, 0x43, 0x4d, 0x25, 0x58, 0x0d, 0xa6, 0xd5, 0xa1, 0x85, 0x15,
  0xa0, 0x0b, 0x4e, 0x15, 0x42, 0x1c, 0x29, 0xd4, 0x12, 0x3e, 0x9c, 0x29,
  0x88, 0x75, 0x3a, 0x80, 0x16, 0x96, 0x90, 0x85, 0xa5, 0xa0, 0x41, 0x45,
  0x30, 0x0a, 0x29, 0x00, 0x52, 0xd0, 0x02, 0x51, 0x40, 0x05, 0x14, 0x00,
  0x52, 0xd0, 0x01, 0x45, 0x02, 0x16, 0x92, 0x80, 0x0a, 0x28, 0x03, 0x9a,
  0x22, 0x99, 0xb6, 0xa9, 0x1b, 0x80, 0x14, 0xf0, 0x28, 0x01, 0xe0, 0x53,
  0xc5, 0x66, 0xc0, 0x90, 0x0a, 0x78, 0x15, 0x00, 0x3c, 0x52, 0xd4, 0x00,
  0xb4, 0x52, 0x01, 0xb4, 0x94, 0xc0, 0x4a, 0x69, 0xa6, 0x03, 0x0d, 0x32,
  0xac, 0x63, 0x4d, 0x30, 0xd5, 0x20, 0x19, 0x4a, 0x2a, 0xc0, 0x90, 0x54,
  0xab, 0x59, 0xb0, 0x24, 0xa5, 0xa8, 0x10, 0x52, 0x50, 0x03, 0x0d, 0x30,
  0xd5, 0x21, 0x8c, 0xa5, 0xaa, 0x01, 0xd4, 0xe1, 0x52, 0x03, 0xb3, 0x45,
  0x21, 0x0b, 0x4e, 0xa4, 0x03, 0xb1, 0x4e, 0xa9, 0x01, 0xd4, 0xb5, 0x22,
  0x1d, 0x4e, 0xa9, 0x18, 0x51, 0x40, 0x05, 0x14, 0x0c, 0x5a, 0x28, 0x10,
  0xb4, 0x94, 0x80, 0x28, 0xa0, 0x04, 0xa2, 0x80, 0x16, 0x8a, 0x00, 0x5a,
  0x28, 0x00, 0xa5, 0xa4, 0x01, 0x45, 0x00, 0x25, 0x2d, 0x00, 0x25, 0x14,
  0x00, 0xb4, 0x50, 0x01, 0x45, 0x00, 0x14, 0x50, 0x01, 0x45, 0x00, 0x14,
  0x50, 0x02, 0xd1, 0x40, 0x0b, 0x45, 0x00, 0x14, 0x50, 0x20, 0xa2, 0x80,
  0x0a, 0x28, 0x01, 0x29, 0x29, 0x80, 0xda, 0x6d, 0x50, 0x0d, 0x34, 0xda,
  0xb4, 0x03, 0x69, 0x2a, 0xc6, 0x25, 0x2d, 0x58, 0x0b, 0x4e, 0x15, 0x42,
  0x1c, 0x29, 0xc2, 0x81, 0x0f, 0x14, 0xea, 0x64, 0x8e, 0x14, 0xea, 0x00,
  0x5a, 0x5a, 0x42, 0x16, 0x96, 0x81, 0x05, 0x14, 0xc0, 0x28, 0xa4, 0x01,
  0x45, 0x00, 0x2d, 0x25, 0x00, 0x14, 0x50, 0x01, 0x4b, 0x40, 0x82, 0x96,
  0x80, 0x0a, 0x4a, 0x00, 0x28, 0xa0, 0x47, 0x3e, 0x45, 0x37, 0x6d, 0x23,
  0xa0, 0x4d, 0xb4, 0xe0, 0xb4, 0x00, 0xf0, 0x29, 0xe0, 0x54, 0xb0, 0x1e,
  0x05, 0x3c, 0x0a, 0x80, 0x1d, 0x45, 0x40, 0x82, 0x9b, 0x40, 0xc2, 0x92,
  0x98, 0x09, 0x4d, 0x34, 0xc0, 0x61, 0xa6, 0x9a, 0xa1, 0x8c, 0x35, 0x19,
  0xad, 0x10, 0x0d, 0xa7, 0x01, 0x54, 0x04, 0x82, 0xa5, 0x5a, 0xcd, 0x80,
  0xfa, 0x5a, 0x81, 0x05, 0x36, 0x80, 0x18, 0x69, 0x86, 0xa8, 0x62, 0x53,
  0xaa, 0x80, 0x5a, 0x5a, 0x90, 0x16, 0x8a, 0x42, 0x1e, 0x29, 0xc2, 0xa4,
  0x07, 0xd2, 0xd2, 0x01, 0xd4, 0xb5, 0x20, 0x38, 0x52, 0xd4, 0x80, 0x51,
  0x40, 0x0b, 0x45, 0x03, 0x0a, 0x5a, 0x42, 0x0a, 0x28, 0x01, 0x28, 0xa6,
  0x01, 0x45, 0x21, 0x8b, 0x45, 0x02, 0x0a, 0x29, 0x00, 0xb4, 0x50, 0x01,
  0x45, 0x00, 0x14, 0x50, 0x01, 0x45, 0x00, 0x14, 0x50, 0x01, 0x45, 0x00,
  0x14, 0x50, 0x01, 0x45, 0x00, 0x14, 0x50, 0x02, 0xd1, 0x40, 0x05, 0x2d,
  0x00, 0x14, 0xb4, 0x08, 0x28, 0xa0, 0x04, 0xa2, 0x80, 0x12, 0x9b, 0x4c,
  0x06, 0xd2, 0x55, 0x00, 0xda, 0x6d, 0x5a, 0x01, 0xb4, 0x95, 0xa2, 0x18,
  0x94, 0xb5, 0x62, 0x16, 0x9c, 0x29, 0x80, 0xea, 0x70, 0xa0, 0x43, 0x85,
  0x3a, 0x98, 0x87, 0x8a, 0x5a, 0x04, 0x3a, 0x96, 0x90, 0x85, 0xa5, 0xa0,
  0x41, 0x45, 0x30, 0x0a, 0x29, 0x00, 0x52, 0xd0, 0x01, 0x45, 0x00, 0x14,
  0x50, 0x20, 0xa2, 0x80, 0x0a, 0x5a, 0x00, 0x28, 0xa6, 0x01, 0x49, 0x48,
  0x0c, 0x3c, 0x52, 0x62, 0xa0, 0xdc, 0x36, 0xd2, 0xe2, 0x90, 0x0e, 0xc5,
  0x3c, 0x0a, 0x90, 0x1c, 0x05, 0x3a, 0xa4, 0x41, 0x4b, 0x48, 0x62, 0x53,
  0x69, 0x80, 0x94, 0x50, 0x02, 0x53, 0x69, 0x80, 0xda, 0x4a, 0xa1, 0x8c,
  0x35, 0x19, 0x15, 0x48, 0x62, 0x62, 0x9c, 0x05, 0x50, 0x89, 0x00, 0xa9,
  0x00, 0xa8, 0x60, 0x3a, 0x96, 0xa0, 0x43, 0x69, 0x0d, 0x30, 0x23, 0x34,
  0xca, 0xb1, 0x8a, 0x29, 0xc2, 0x86, 0x03, 0xa9, 0x6a, 0x40, 0x4a, 0x50,
  0x28, 0x10, 0xf1, 0x4f, 0xa9, 0x01, 0xd4, 0xb5, 0x20, 0x2d, 0x3a, 0xa4,
  0x07, 0x0a, 0x29, 0x00, 0x51, 0x40, 0xc5, 0xa2, 0x80, 0x16, 0x8a, 0x42,
  0x0a, 0x28, 0x00, 0xa2, 0x98, 0x05, 0x14, 0x86, 0x14, 0xb4, 0x08, 0x28,
  0xa4, 0x01, 0x45, 0x00, 0x14, 0x50, 0x01, 0x45, 0x00, 0x14, 0x50, 0x01,
  0x45, 0x00, 0x14, 0x50, 0x01, 0x45, 0x00, 0x14, 0x50, 0x02, 0xd1, 0x40,
  0x05, 0x2d, 0x00, 0x14, 0x50, 0x02, 0xd1, 0x40, 0x05, 0x14, 0x08, 0x4a,
  0x28, 0x01, 0x29, 0xb4, 0xd0, 0xc6, 0xd3, 0x6a, 0xc4, 0x36, 0x92, 0xa8,
  0x06, 0xd2, 0x56, 0x83, 0x12, 0x96, 0xac, 0x42, 0xd3, 0x85, 0x30, 0x1d,
  0x4e, 0x14, 0x08, 0x70, 0xa7, 0x53, 0x10, 0xea, 0x75, 0x21, 0x0e, 0xa5,
  0xa0, 0x42, 0xd2, 0xd0, 0x20, 0xa2, 0x98, 0x0b, 0x45, 0x20, 0x12, 0x96,
  0x81, 0x05, 0x14, 0x00, 0x94, 0xb4, 0x00, 0x51, 0x40, 0x05, 0x2d, 0x00,
  0x14, 0x50, 0x01, 0x45, 0x02, 0x31, 0xb1, 0x46, 0x2b, 0x13, 0x70, 0xc5,
  0x2e, 0x28, 0x01, 0xd8, 0xa5, 0xa9, 0x01, 0x68, 0xa4, 0x31, 0x68, 0xa0,
  0x06, 0xd2, 0x50, 0x02, 0x51, 0x4c, 0x04, 0xa4, 0xa6, 0x02, 0x62, 0x82,
  0x29, 0x80, 0xc2, 0x29, 0x84, 0x55, 0x14, 0x26, 0x29, 0xc0, 0x53, 0x11,
  0x20, 0xa7, 0x54, 0x88, 0x29, 0x6a, 0x40, 0x4a, 0x69, 0xa6, 0x04, 0x66,
  0x9b, 0x56, 0x31, 0x69, 0xd4, 0x80, 0x70, 0xa7, 0x52, 0x10, 0x94, 0xb4,
  0x80, 0x70, 0xa7, 0x52, 0x01, 0xd4, 0xea, 0x90, 0x16, 0x9c, 0x29, 0x00,
  0xb4, 0xb5, 0x20, 0x14, 0x50, 0x30, 0xa5, 0xa0, 0x41, 0x4b, 0x48, 0x02,
  0x92, 0x80, 0x0a, 0x28, 0x00, 0xa5, 0xa0, 0x02, 0x96, 0x90, 0x05, 0x14,
  0x00, 0x51, 0x40, 0x05, 0x25, 0x00, 0x14, 0x50, 0x01, 0x45, 0x00, 0x14,
  0x50, 0x01, 0x45, 0x00, 0x14, 0x50, 0x02, 0xd1, 0x40, 0x82, 0x8a, 0x06,
  0x2d, 0x25, 0x00, 0x2d, 0x14, 0x00, 0xb4, 0x50, 0x20, 0xa2, 0x81, 0x85,
  0x25, 0x02, 0x12, 0x9b, 0x4c, 0x06, 0x9a, 0x6d, 0x58, 0x0d, 0xa4, 0xab,
  0x18, 0xda, 0x4a, 0xb1, 0x09, 0x4b, 0x56, 0x02, 0x8a, 0x75, 0x30, 0x1c,
  0x29, 0xc2, 0x81, 0x0e, 0xa7, 0x53, 0x24, 0x75, 0x3a, 0x80, 0x16, 0x9d,
  0x40, 0x85, 0xa5, 0xa4, 0x20, 0xa2, 0x80, 0x16, 0x8a, 0x62, 0x0a, 0x29,
  0x00, 0x51, 0x40, 0x05, 0x14, 0x00, 0x52, 0xd3, 0x00, 0xa2, 0x90, 0x05,
  0x14, 0x08, 0x28, 0xa0, 0x0c, 0x9a, 0x2b, 0x03, 0x70, 0xa5, 0xa4, 0x02,
  0xd1, 0x40, 0x05, 0x14, 0x86, 0x2d, 0x25, 0x00, 0x25, 0x25, 0x31, 0x09,
  0x45, 0x03, 0x0a, 0x28, 0x00, 0xc5, 0x21, 0x14, 0x00, 0xd2, 0x29, 0x98,
  0xaa, 0x18, 0xb8, 0xa5, 0x02, 0x98, 0x0f, 0x02, 0x96, 0xa4, 0x41, 0x45,
  0x20, 0x12, 0x98, 0x6a, 0x80, 0x6d, 0x26, 0x2a, 0x86, 0x18, 0xa5, 0xa4,
  0x03, 0x85, 0x14, 0x84, 0x14, 0xb4, 0x00, 0xe1, 0x4e, 0x14, 0x80, 0x75,
  0x3a, 0xa0, 0x07, 0x52, 0x8a, 0x42, 0x1d, 0x45, 0x21, 0x85, 0x14, 0x00,
  0xb4, 0x52, 0x01, 0x68, 0xa0, 0x02, 0x8a, 0x00, 0x4a, 0x28, 0x01, 0x68,
  0xa0, 0x02, 0x96, 0x90, 0x05, 0x2d, 0x00, 0x25, 0x14, 0x00, 0x51, 0x40,
  0x05, 0x25, 0x00, 0x14, 0x50, 0x01, 0x45, 0x00, 0x14, 0x52, 0x00, 0xa2,
  0x98, 0x0b, 0x45, 0x00, 0x14, 0xb4, 0x00, 0x51, 0x40, 0x05, 0x2d, 0x00,
  0x14, 0x52, 0x10, 0x51, 0x40, 0x09, 0x49, 0x4c, 0x04, 0xa6, 0xd5, 0x00,
  0xda, 0x6d, 0x50, 0x09, 0x4d, 0xab, 0x01, 0x29, 0xb5, 0x68, 0x61, 0x4b,
  0x5a, 0x08, 0x51, 0x4e, 0xa0, 0x43, 0xa9, 0xd4, 0x00, 0xe1, 0x4e, 0x14,
  0x08, 0x75, 0x3a, 0x98, 0x87, 0x52, 0xd2, 0x10, 0xb4, 0xb4, 0x08, 0x28,
  0xa0, 0x05, 0xa2, 0x98, 0x05, 0x14, 0x84, 0x14, 0x53, 0x00, 0xa2, 0x90,
  0x0b, 0x45, 0x00, 0x14, 0x50, 0x21, 0x69, 0x28, 0x01, 0x69, 0x28, 0x03,
  0x2a, 0x8a, 0xe7, 0x37, 0x16, 0x8a, 0x00, 0x28, 0xa4, 0x02, 0xd1, 0x40,
  0x05, 0x21, 0xa0, 0x62, 0x53, 0x69, 0x80, 0x94, 0xb4, 0xc0, 0x5a, 0x5a,
  0x90, 0x16, 0x93, 0x14, 0x80, 0x4c, 0x53, 0x71, 0x54, 0x01, 0x8a, 0x5c,
  0x53, 0x01, 0xd8, 0xa3, 0x15, 0x20, 0x2d, 0x25, 0x30, 0x1a, 0x69, 0x94,
  0xc6, 0x26, 0x28, 0xc5, 0x31, 0x0b, 0x8a, 0x65, 0x30, 0x14, 0x51, 0x40,
  0x0b, 0x4b, 0x40, 0x0e, 0xa7, 0x0a, 0x90, 0x1e, 0x29, 0xd5, 0x00, 0x28,
  0xa7, 0x52, 0x01, 0x68, 0xa4, 0x01, 0x45, 0x00, 0x2d, 0x2d, 0x20, 0x0a,
  0x28, 0x00, 0xa2, 0x80, 0x0a, 0x28, 0x00, 0xa2, 0x80, 0x16, 0x8a, 0x40,
  0x2d, 0x14, 0x00, 0x51, 0x48, 0x02, 0x92, 0x98, 0x05, 0x25, 0x00, 0x2d,
  0x25, 0x00, 0x2d, 0x14, 0x00, 0x51, 0x40, 0x05, 0x14, 0x00, 0x51, 0x40,
  0x05, 0x14, 0x00, 0xb4, 0x50, 0x01, 0x45, 0x00, 0x2d, 0x14, 0x84, 0x14,
  0x53, 0x01, 0x29, 0x28, 0x18, 0xda, 0x6d, 0x50, 0x86, 0xd2, 0x1a, 0xa0,
  0x1b, 0x4d, 0xad, 0x00, 0x4a, 0x4a, 0xb4, 0x30, 0xa5, 0xab, 0x10, 0xe1,
  0x4b, 0x40, 0x87, 0x53, 0xa8, 0x10, 0xea, 0x75, 0x00, 0x3a, 0x9c, 0x28,
  0x10, 0xb4, 0xb4, 0xc4, 0x3a, 0x96, 0x90, 0x82, 0x8a, 0x60, 0x2d, 0x14,
  0x08, 0x28, 0xa4, 0x01, 0x45, 0x00, 0x14, 0x50, 0x02, 0xd1, 0x40, 0x0b,
  0x45, 0x02, 0x0a, 0x28, 0x01, 0x28, 0xa0, 0x46, 0x55, 0x15, 0xce, 0x74,
  0x0b, 0x45, 0x20, 0x16, 0x8a, 0x00, 0x28, 0xa0, 0x61, 0x49, 0x40, 0x0d,
  0xa6, 0x9a, 0x60, 0x25, 0x14, 0xc0, 0x78, 0xa7, 0x8a, 0x91, 0x0b, 0x46,
  0x29, 0x0c, 0x4c, 0x52, 0x62, 0x98, 0x06, 0x29, 0x71, 0x40, 0x0b, 0x8a,
  0x31, 0x48, 0x41, 0x49, 0x40, 0xc6, 0x9a, 0x66, 0x2a, 0x86, 0x18, 0xa4,
  0xc5, 0x50, 0x0b, 0x4c, 0xc5, 0x00, 0x25, 0x14, 0xc0, 0x75, 0x2d, 0x21,
  0x0b, 0x4f, 0xa4, 0x03, 0xc5, 0x2d, 0x40, 0x0e, 0x14, 0xea, 0x90, 0x0a,
  0x28, 0x18, 0x51, 0x48, 0x05, 0xa5, 0xa0, 0x41, 0x45, 0x00, 0x14, 0x50,
  0x01, 0x45, 0x00, 0x14, 0xb4, 0x80, 0x29, 0x68, 0x00, 0xa2, 0x80, 0x0a,
  0x28, 0x00, 0xa4, 0xa0, 0x02, 0x8a, 0x00, 0x29, 0x28, 0x01, 0x68, 0xa0,
  0x02, 0x8a, 0x00, 0x28, 0xa4, 0x01, 0x45, 0x00, 0x14, 0xb4, 0x00, 0x51,
  0x40, 0x05, 0x2d, 0x00, 0x14, 0x50, 0x01, 0x49, 0x4c, 0x02, 0x9a, 0x69,
  0x80, 0x86, 0x9b, 0x54, 0x21, 0xb4, 0xd3, 0x54, 0x02, 0x1a, 0x6d, 0x58,
  0xc6, 0xd1, 0x5a, 0x00, 0x52, 0xd5, 0x08, 0x5a, 0x75, 0x00, 0x3a, 0x9d,
  0x40, 0x87, 0x52, 0x8a, 0x04, 0x3e, 0x96, 0x81, 0x0e, 0xa5, 0xa6, 0x21,
  0xd4, 0xb4, 0x84, 0x14, 0xb4, 0xc0, 0x28, 0xa0, 0x41, 0x45, 0x20, 0x0a,
  0x28, 0x01, 0x68, 0xa0, 0x02, 0x8a, 0x00, 0x28, 0xa0, 0x42, 0xd1, 0x40,
  0x09, 0x45, 0x00, 0x65, 0x52, 0xd7, 0x39, 0xb8, 0x51, 0x40, 0x0b, 0x45,
  0x20, 0x16, 0x8a, 0x40, 0x25, 0x36, 0x98, 0xc6, 0xd3, 0x4d, 0x30, 0x12,
  0x8a, 0xa0, 0x14, 0x1a, 0x91, 0x4d, 0x4b, 0x01, 0xf9, 0xa2, 0xa4, 0x42,
  0xd1, 0x40, 0xc3, 0x14, 0xb4, 0x80, 0x28, 0xa0, 0x04, 0xa4, 0xa0, 0x06,
  0xd3, 0x6a, 0x80, 0x4c, 0x52, 0xd3, 0x00, 0xa6, 0xe2, 0x98, 0x09, 0x8a,
  0x6e, 0x29, 0x80, 0xb4, 0xb4, 0x00, 0xea, 0x70, 0xa9, 0x01, 0xf4, 0xea,
  0x90, 0x1c, 0x29, 0x6a, 0x40, 0x28, 0xa0, 0x02, 0x96, 0x90, 0xc5, 0xa5,
  0xa0, 0x42, 0x51, 0x48, 0x02, 0x8a, 0x63, 0x0a, 0x28, 0x01, 0x68, 0xa4,
  0x21, 0x68, 0xa0, 0x02, 0x8a, 0x40, 0x14, 0x50, 0x01, 0x49, 0x4c, 0x02,
  0x8a, 0x40, 0x14, 0x53, 0x00, 0xa2, 0x90, 0x05, 0x14, 0x00, 0x51, 0x4c,
  0x02, 0x8a, 0x00, 0x29, 0x68, 0x00, 0xa2, 0x90, 0x05, 0x14, 0x00, 0xb4,
  0x94, 0x00, 0x51, 0x4c, 0x42, 0x52, 0x1a, 0x00, 0x6d, 0x36, 0xa8, 0x06,
  0xd2, 0x1a, 0xd1, 0x0c, 0x69, 0xa6, 0xd5, 0x80, 0x52, 0x55, 0x80, 0x53,
  0x85, 0x50, 0x85, 0xa5, 0xa0, 0x43, 0xa9, 0xd4, 0x08, 0x75, 0x38, 0x50,
  0x02, 0xd3, 0xe9, 0x88, 0x5a, 0x5a, 0x04, 0x3a, 0x96, 0x81, 0x05, 0x2d,
  0x21, 0x05, 0x14, 0xc6, 0x14, 0xb4, 0x84, 0x14, 0x50, 0x01, 0x45, 0x00,
  0x14, 0x50, 0x02, 0xd1, 0x40, 0x82, 0x8a, 0x00, 0x4a, 0x5a, 0x00, 0xc9,
  0xa5, 0xae, 0x73, 0x70, 0xa5, 0xa4, 0x01, 0x45, 0x00, 0x2d, 0x14, 0x80,
  0x4a, 0x4a, 0x60, 0x34, 0xd3, 0x69, 0x8c, 0x6d, 0x14, 0xc0, 0x05, 0x38,
  0x50, 0x03, 0xb3, 0x4e, 0xcd, 0x48, 0x85, 0xcd, 0x3e, 0x90, 0xc5, 0xa2,
  0xa4, 0x02, 0x8a, 0x60, 0x25, 0x25, 0x00, 0x25, 0x26, 0x29, 0x80, 0x94,
  0x53, 0x01, 0x28, 0xa6, 0x02, 0x1a, 0x65, 0x30, 0x0a, 0x5a, 0x00, 0x75,
  0x3c, 0x54, 0x80, 0xea, 0x51, 0x52, 0x03, 0xe8, 0xa4, 0x01, 0x4b, 0x48,
  0x61, 0x4b, 0x40, 0x82, 0x96, 0x80, 0x0a, 0x29, 0x00, 0x94, 0xb4, 0x0c,
  0x4a, 0x5a, 0x62, 0x0a, 0x29, 0x00, 0xb4, 0x50, 0x01, 0x45, 0x20, 0x0a,
  0x29, 0x80, 0x52, 0x50, 0x01, 0x45, 0x20, 0x0a, 0x28, 0x00, 0xa2, 0x98,
  0x05, 0x14, 0x80, 0x28, 0xa6, 0x01, 0x4b, 0x48, 0x02, 0x8a, 0x60, 0x14,
  0x50, 0x01, 0x4b, 0x48, 0x02, 0x8a, 0x00, 0x4a, 0x29, 0x88, 0x4a, 0x6d,
  0x31, 0x8d, 0xa4, 0xaa, 0x01, 0xb4, 0xd3, 0x56, 0x84, 0x36, 0x92, 0xac,
  0x62, 0x52, 0x55, 0xa0, 0x16, 0x96, 0xa8, 0x43, 0xa9, 0x68, 0x10, 0xb4,
  0xf1, 0x40, 0x87, 0x0a, 0x75, 0x02, 0x16, 0x9d, 0x4c, 0x07, 0x52, 0xd0,
  0x21, 0xd4, 0xb4, 0x08, 0x29, 0x68, 0x10, 0x51, 0x48, 0x05, 0xa2, 0x80,
  0x0a, 0x28, 0x00, 0xa2, 0x80, 0x0a, 0x28, 0x10, 0xb4, 0x50, 0x01, 0x45,
  0x00, 0x14, 0x50, 0x06, 0x4d, 0x2d, 0x73, 0x1b, 0x8b, 0x45, 0x00, 0x14,
  0x52, 0x01, 0x68, 0xa0, 0x02, 0x9b, 0x40, 0xc6, 0x9a, 0x4a, 0x60, 0x36,
  0x92, 0xa8, 0x62, 0xd2, 0xd0, 0x20, 0xa5, 0xa4, 0x02, 0x83, 0x4e, 0xcd,
  0x20, 0x1f, 0x9a, 0x75, 0x48, 0x05, 0x14, 0x80, 0x29, 0x29, 0x80, 0x94,
  0x53, 0x01, 0x31, 0x45, 0x00, 0x25, 0x14, 0x00, 0xc3, 0x4d, 0xab, 0x00,
  0xa5, 0xa0, 0x07, 0x0a, 0x78, 0xa8, 0x10, 0xb4, 0xe1, 0x48, 0x63, 0xa8,
  0xa4, 0x01, 0x45, 0x03, 0x16, 0x96, 0x90, 0x05, 0x14, 0x80, 0x5a, 0x4a,
  0x00, 0x29, 0x69, 0x80, 0x51, 0x48, 0x41, 0x4b, 0x40, 0x05, 0x14, 0x00,
  0xb4, 0x50, 0x02, 0x51, 0x48, 0x02, 0x8a, 0x60, 0x14, 0x52, 0x01, 0x28,
  0xa6, 0x01, 0x45, 0x20, 0x0a, 0x28, 0x00, 0xa2, 0x80, 0x0a, 0x5a, 0x00,
  0x28, 0xa6, 0x01, 0x45, 0x00, 0x14, 0x50, 0x01, 0x45, 0x20, 0x0a, 0x29,
  0x80, 0xda, 0x6d, 0x30, 0x12, 0x9a, 0x6a, 0xd0, 0x0d, 0xa4, 0xaa, 0x10,
  0xda, 0x6d, 0x68, 0x86, 0x14, 0x55, 0x80, 0x53, 0x85, 0x31, 0x0b, 0x4b,
  0x40, 0x87, 0x53, 0xa8, 0x10, 0xea, 0x5a, 0x04, 0x3a, 0x9d, 0x4c, 0x43,
  0xa9, 0x68, 0x01, 0xd4, 0xb4, 0x89, 0x0a, 0x5a, 0x60, 0x14, 0xb4, 0x80,
  0x28, 0xa0, 0x02, 0x8a, 0x00, 0x28, 0xa0, 0x05, 0xa2, 0x81, 0x05, 0x14,
  0x00, 0x51, 0x40, 0x82, 0x8a, 0x00, 0xc9, 0xa5, 0xae, 0x63, 0xa0, 0x29,
  0x68, 0x00, 0xa5, 0xa4, 0x01, 0x45, 0x00, 0x2d, 0x25, 0x20, 0x1b, 0x8a,
  0x6d, 0x50, 0xc6, 0xd2, 0x53, 0x18, 0x52, 0xd3, 0x10, 0x94, 0xb4, 0x0c,
  0x29, 0x41, 0xa0, 0x43, 0xb3, 0x4e, 0xcd, 0x48, 0x87, 0x66, 0x9d, 0x52,
  0x30, 0xa2, 0x90, 0x09, 0x4b, 0x4c, 0x04, 0xa4, 0xa0, 0x02, 0x9a, 0x69,
  0x80, 0xc3, 0x4d, 0xaa, 0x18, 0x53, 0x85, 0x31, 0x0e, 0x14, 0xea, 0x80,
  0x1d, 0x4e, 0xa9, 0x01, 0x68, 0xa0, 0x02, 0x96, 0x90, 0xc2, 0x96, 0x81,
  0x0b, 0x45, 0x20, 0x0a, 0x29, 0x8c, 0x4a, 0x5a, 0x42, 0x0a, 0x28, 0x01,
  0x68, 0xa4, 0x02, 0xd1, 0x40, 0x05, 0x14, 0xc0, 0x28, 0xa4, 0x02, 0x51,
  0x4c, 0x02, 0x8a, 0x00, 0x29, 0x29, 0x00, 0xb4, 0x94, 0x00, 0xb4, 0x94,
  0x00, 0xb4, 0x94, 0x00, 0x52, 0xd0, 0x01, 0x49, 0x40, 0xc2, 0x96, 0x81,
  0x05, 0x14, 0x00, 0x51, 0x4c, 0x02, 0x92, 0x80, 0x1b, 0x49, 0x54, 0x03,
  0x69, 0xb5, 0x42, 0x1b, 0x4d, 0x35, 0xa0, 0xc4, 0xa6, 0xd5, 0x80, 0x51,
  0x56, 0x02, 0xd3, 0xa8, 0x10, 0x53, 0xa8, 0x10, 0xea, 0x5a, 0x04, 0x3c,
  0x52, 0xd0, 0x21, 0xd4, 0xea, 0x60, 0x3a, 0x96, 0x81, 0x0e, 0xa5, 0xa4,
  0x20, 0xa5, 0xa6, 0x20, 0xa5, 0xa4, 0x01, 0x45, 0x00, 0x14, 0x53, 0x00,
  0xa2, 0x81, 0x0b, 0x45, 0x20, 0x0a, 0x28, 0x00, 0xa2, 0x80, 0x12, 0x8a,
  0x04, 0x65, 0x52, 0xd7, 0x31, 0xb8, 0x52, 0xd2, 0x18, 0xb4, 0x50, 0x02,
  0xd1, 0x48, 0x02, 0x96, 0x80, 0x12, 0x99, 0x8a, 0x60, 0x21, 0x14, 0xdc,
  0x55, 0x0c, 0x4a, 0x28, 0x01, 0x28, 0xa6, 0x01, 0x4b, 0x40, 0x05, 0x3a,
  0x90, 0x0e, 0xcd, 0x2e, 0x6a, 0x40, 0x76, 0x69, 0x69, 0x00, 0xb4, 0x52,
  0x18, 0x52, 0x50, 0x02, 0x53, 0x0d, 0x50, 0x86, 0x9a, 0x4a, 0xa1, 0x85,
  0x38, 0x50, 0x03, 0x85, 0x3a, 0xa4, 0x43, 0xa9, 0xd5, 0x23, 0x0a, 0x29,
  0x00, 0xb4, 0x50, 0x02, 0xd1, 0x40, 0x0b, 0x45, 0x20, 0x0a, 0x28, 0x01,
  0x29, 0x69, 0x80, 0x52, 0xd2, 0x00, 0xa2, 0x90, 0x85, 0xa2, 0x98, 0x05,
  0x25, 0x20, 0x0a, 0x28, 0x00, 0xa2, 0x98, 0x0b, 0x49, 0x40, 0x05, 0x14,
  0x80, 0x28, 0xa0, 0x02, 0x8a, 0x00, 0x28, 0xa0, 0x02, 0x8a, 0x00, 0x4a,
  0x5a, 0x00, 0x28, 0xa0, 0x02, 0x8a, 0x00, 0x28, 0xa0, 0x02, 0x9b, 0x4c,
  0x04, 0x34, 0xda, 0xa1, 0x0d, 0x34, 0xda, 0xb0, 0x1a, 0x69, 0x2a, 0xc0,
  0x69, 0xa4, 0xab, 0x43, 0x12, 0x96, 0xac, 0x05, 0xa5, 0xa6, 0x21, 0xd4,
  0xb4, 0x84, 0x3a, 0x9d, 0x40, 0x87, 0x52, 0xd0, 0x21, 0xd4, 0xea, 0x04,
  0x38, 0x52, 0xd3, 0x10, 0xe1, 0x4b, 0x40, 0x0b, 0x45, 0x21, 0x05, 0x2d,
  0x00, 0x14, 0x50, 0x20, 0xa2, 0x80, 0x16, 0x92, 0x80, 0x16, 0x8a, 0x00,
  0x28, 0xa0, 0x41, 0x45, 0x03, 0x12, 0x8a, 0x60, 0x65, 0x52, 0xd7, 0x29,
  0xb8, 0x52, 0xd2, 0x01, 0x68, 0xa0, 0x05, 0xa2, 0x90, 0x0b, 0x45, 0x03,
  0x16, 0x93, 0x14, 0x84, 0x21, 0x14, 0xdc, 0x55, 0x00, 0xd2, 0x29, 0x31,
  0x4c, 0x63, 0x69, 0x2a, 0x80, 0x28, 0xa0, 0x62, 0xd2, 0xd2, 0x00, 0xa5,
  0xcd, 0x21, 0x0b, 0x9a, 0x76, 0x69, 0x00, 0xec, 0xd3, 0xaa, 0x40, 0x28,
  0xa0, 0x63, 0x4d, 0x30, 0xd3, 0x01, 0xb4, 0x55, 0x00, 0xb4, 0xb4, 0x08,
  0x75, 0x3a, 0x90, 0x0e, 0x14, 0xea, 0x81, 0x89, 0x4b, 0x40, 0x05, 0x2d,
  0x00, 0x14, 0xb4, 0x80, 0x28, 0xa0, 0x02, 0x8a, 0x00, 0x28, 0xa0, 0x05,
  0xa2, 0x80, 0x0a, 0x5a, 0x42, 0x0a, 0x28, 0x00, 0xa2, 0x81, 0x85, 0x25,
  0x02, 0x0a, 0x5a, 0x00, 0x28, 0xa0, 0x02, 0x8a, 0x00, 0x28, 0xa0, 0x02,
  0x8a, 0x00, 0x29, 0x28, 0x00, 0xa2, 0x80, 0x0a, 0x28, 0x00, 0xa2, 0x80,
  0x0a, 0x28, 0x00, 0xa2, 0x81, 0x89, 0x49, 0x54, 0x21, 0xa6, 0x92, 0xa8,
  0x06, 0xd3, 0x6a, 0x90, 0x0c, 0xa4, 0xad, 0x10, 0x0d, 0xa4, 0xab, 0x01,
  0x68, 0xaa, 0x01, 0x69, 0x68, 0x10, 0xea, 0x5a, 0x04, 0x3a, 0x9c, 0x28,
  0x10, 0xea, 0x75, 0x02, 0x1c, 0x29, 0xd4, 0x08, 0x51, 0x4e, 0xa0, 0x42,
  0xd2, 0xd3, 0x01, 0x68, 0xa4, 0x21, 0x68, 0xa0, 0x02, 0x96, 0x81, 0x09,
  0x45, 0x31, 0x8b, 0x45, 0x21, 0x05, 0x14, 0x00, 0x51, 0x40, 0x05, 0x14,
  0x00, 0x94, 0x50, 0x23, 0xff, 0xd9
};
unsigned int capture_jpeg_len = 23262;
